strategy,seed,n_exp,best_ratio,hv
random,0,36,0.3106310579500928,0.45315575568399863
random,0,41,0.3106310579500928,0.47957896998707383
random,0,46,0.3116825290810931,0.48504582768761545
random,0,51,0.3530094910095711,0.49335814972942527
random,0,56,0.3530094910095711,0.49687363920567207
random,0,61,0.3591703782490195,0.4980641434753911
random,1,36,0.3116825290810931,0.44580972036076755
random,1,41,0.3116825290810931,0.44745688611622775
random,1,46,0.3116825290810931,0.46024031180987224
random,1,51,0.3116825290810931,0.5078324503891677
random,1,56,0.3116825290810931,0.5089628509656966
random,1,61,0.3591703782490195,0.5187883655234984
random,2,36,0.3116825290810931,0.4602667764843245
random,2,41,0.3591703782490195,0.4710612340861542
random,2,46,0.3591703782490195,0.47911161114110135
random,2,51,0.3591703782490195,0.4969729104238281
random,2,56,0.3591703782490195,0.4972347346699898
random,2,61,0.3591703782490195,0.5179459463274905
random,3,36,0.3116825290810931,0.4255599357136482
random,3,41,0.3116825290810931,0.45259891738057756
random,3,46,0.3116825290810931,0.45523111463720034
random,3,51,0.3116825290810931,0.45523111463720034
random,3,56,0.3116825290810931,0.4998996040311485
random,3,61,0.3116825290810931,0.5123669161208116
random,4,36,0.3116825290810931,0.4572163598881284
random,4,41,0.3116825290810931,0.49968539892801045
random,4,46,0.3116825290810931,0.5057773716774842
random,4,51,0.3116825290810931,0.5095009976557241
random,4,56,0.3591703782490195,0.5170778818761362
random,4,61,0.3591703782490195,0.519967069315281
random,5,36,0.3116825290810931,0.4618239786906467
random,5,41,0.3116825290810931,0.4674872119761035
random,5,46,0.3116825290810931,0.4693663603256547
random,5,51,0.3116825290810931,0.48956176072325136
random,5,56,0.3116825290810931,0.5101614141002415
random,5,61,0.3530094910095711,0.5183421788040303
random,6,36,0.3106310579500928,0.4621019175050969
random,6,41,0.3106310579500928,0.4651893871803044
random,6,46,0.3106310579500928,0.5076584262201864
random,6,51,0.3591703782490195,0.5150919368265351
random,6,56,0.3591703782490195,0.5159468283621266
random,6,61,0.3591703782490195,0.5196193330884548
random,7,36,0.3116825290810931,0.4581571122406986
random,7,41,0.3116825290810931,0.46432347151418457
random,7,46,0.3591703782490195,0.47424871356493103
random,7,51,0.3591703782490195,0.5151664573509792
random,7,56,0.3591703782490195,0.519295318393114
random,7,61,0.3591703782490195,0.519295318393114
random,8,36,0.3116825290810931,0.4556200107866934
random,8,41,0.3116825290810931,0.4613964027653038
random,8,46,0.3591703782490195,0.4736352095287153
random,8,51,0.3591703782490195,0.4764502315480872
random,8,56,0.3591703782490195,0.49432744976528803
random,8,61,0.3591703782490195,0.49561355062213214
random,9,36,0.3116825290810931,0.46220309298648815
random,9,41,0.3116825290810931,0.506450153276806
random,9,46,0.3591703782490195,0.5129571154570304
random,9,51,0.3591703782490195,0.5162560728767314
random,9,56,0.3591703782490195,0.5162560728767314
random,9,61,0.3591703782490195,0.5165271853485335
random,10,36,0.3116825290810931,0.4531653991577486
random,10,41,0.3116825290810931,0.45458592375730306
random,10,46,0.3116825290810931,0.4671251919347879
random,10,51,0.3530094910095711,0.5127260130901442
random,10,56,0.3591703782490195,0.5139165173598632
random,10,61,0.3591703782490195,0.5157825718161957
random,11,36,0.3116825290810931,0.46079200490146127
random,11,41,0.3116825290810931,0.46741915417497876
random,11,46,0.3116825290810931,0.4708982972588175
random,11,51,0.3116825290810931,0.47424285095571966
random,11,56,0.3530094910095711,0.4967377552288191
random,11,61,0.3530094910095711,0.4981723914302394
random,12,36,0.3116825290810931,0.4586688716559684
random,12,41,0.3116825290810931,0.46824002918384827
random,12,46,0.3530094910095711,0.4735839344932756
random,12,51,0.3530094910095711,0.511203845510076
random,12,56,0.3530094910095711,0.5174823769365646
random,12,61,0.3530094910095711,0.5174823769365646
random,13,36,0.3116825290810931,0.46200120876837103
random,13,41,0.3116825290810931,0.4685865236774793
random,13,46,0.3116825290810931,0.46945728361040495
random,13,51,0.3116825290810931,0.5112614991363026
random,13,56,0.3530094910095711,0.5168397812929696
random,13,61,0.3591703782490195,0.5188851770982802
random,14,36,0.3116825290810931,0.4458903080614971
random,14,41,0.3116825290810931,0.46435076744941006
random,14,46,0.3530094910095711,0.47084719028792393
random,14,51,0.3530094910095711,0.47432369278000186
random,14,56,0.3591703782490195,0.5140194551559176
random,14,61,0.3591703782490195,0.5156722111708175
random,15,36,0.3116825290810931,0.437645240949048
random,15,41,0.3591703782490195,0.4988363316169609
random,15,46,0.3591703782490195,0.5027403817567275
random,15,51,0.3591703782490195,0.5027403817567275
random,15,56,0.3591703782490195,0.5030022060028893
random,15,61,0.3591703782490195,0.5056982213009993
random,16,36,0.3116825290810931,0.45156982108365035
random,16,41,0.3591703782490195,0.46353097419258366
random,16,46,0.3591703782490195,0.47725116491341174
random,16,51,0.3591703782490195,0.47965784194537947
random,16,56,0.3591703782490195,0.4834451259114333
random,16,61,0.3591703782490195,0.5202439295503849
random,17,36,0.3116825290810931,0.4512712824300166
random,17,41,0.3116825290810931,0.45946019592479836
random,17,46,0.3116825290810931,0.4622676536595766
random,17,51,0.3530094910095711,0.49006737554381447
random,17,56,0.3530094910095711,0.4923033723947102
random,17,61,0.3591703782490195,0.4982711694748181
random,18,36,0.3106310579500928,0.4421417798289019
random,18,41,0.3106310579500928,0.45271700524989317
random,18,46,0.3116825290810931,0.4791947538298952
random,18,51,0.3116825290810931,0.5055926696815105
random,18,56,0.3591703782490195,0.5118925897873801
random,18,61,0.3591703782490195,0.5160480284810359
random,19,36,0.3116825290810931,0.45123311545570716
random,19,41,0.3116825290810931,0.4972239422760781
random,19,46,0.3116825290810931,0.4981420829579249
random,19,51,0.3591703782490195,0.5047344388038425
random,19,56,0.3591703782490195,0.5049962630500042
random,19,61,0.3591703782490195,0.5077324538104316
random,20,36,0.3116825290810931,0.46052805641815137
random,20,41,0.3591703782490195,0.5101565647086997
random,20,46,0.3591703782490195,0.5128700157485465
random,20,51,0.3591703782490195,0.5145763801084497
random,20,56,0.3591703782490195,0.5145763801084497
random,20,61,0.3591703782490195,0.5155029285345739
random,21,36,0.3116825290810931,0.46198581890119456
random,21,41,0.3116825290810931,0.46389650027374324
random,21,46,0.3116825290810931,0.4660385407573718
random,21,51,0.3116825290810931,0.4881763746098189
random,21,56,0.3116825290810931,0.4897271331473363
random,21,61,0.3116825290810931,0.5116038093107534
random,22,36,0.3116825290810931,0.46074150916470724
random,22,41,0.3116825290810931,0.5042426698179051
random,22,46,0.3530094910095711,0.5101005952561941
random,22,51,0.3530094910095711,0.5131949981969076
random,22,56,0.3591703782490195,0.5143855024666266
random,22,61,0.3591703782490195,0.5172489984806328
random,23,36,0.3116825290810931,0.42871276244552814
random,23,41,0.3116825290810931,0.4541092517013017
random,23,46,0.3116825290810931,0.45970075637435515
random,23,51,0.3591703782490195,0.5049371598959065
random,23,56,0.3591703782490195,0.5070959515270794
random,23,61,0.3591703782490195,0.5176193494039197
random,24,36,0.3106310579500928,0.4523657979816184
random,24,41,0.3106310579500928,0.4537863225811728
random,24,46,0.3106310579500928,0.4565203624663155
random,24,51,0.3106310579500928,0.4989894015061976
random,24,56,0.3106310579500928,0.5028813352081116
random,24,61,0.3530094910095711,0.5186633182920125
random,25,36,0.3116825290810931,0.45163239033380714
random,25,41,0.3116825290810931,0.4532280070134473
random,25,46,0.3116825290810931,0.4584503178420027
random,25,51,0.3530094910095711,0.4723038272884661
random,25,56,0.3530094910095711,0.5147728663283481
random,25,61,0.3530094910095711,0.5164723186801197
random,26,36,0.3116825290810931,0.45450782296073744
random,26,41,0.3116825290810931,0.4589714809756835
random,26,46,0.3116825290810931,0.4608690432734963
random,26,51,0.3591703782490195,0.517342560670639
random,26,56,0.3591703782490195,0.5192217090201902
random,26,61,0.3591703782490195,0.5192217090201902
random,27,36,0.3116825290810931,0.4421867652036496
random,27,41,0.3116825290810931,0.44382625395832254
random,27,46,0.3116825290810931,0.5036455018103546
random,27,51,0.3116825290810931,0.5096825487591157
random,27,56,0.3116825290810931,0.5106090971852397
random,27,61,0.3591703782490195,0.5189781018560244
random,28,36,0.3116825290810931,0.46220541974074597
random,28,41,0.3116825290810931,0.4717427959539027
random,28,46,0.3530094910095711,0.47732107811056984
random,28,51,0.3530094910095711,0.479492351336439
random,28,56,0.3530094910095711,0.49547450226961465
random,28,61,0.3530094910095711,0.49692149366870403
random,29,36,0.3116825290810931,0.4484995688915257
random,29,41,0.3116825290810931,0.4562291998256715
random,29,46,0.3530094910095711,0.4671340168520981
random,29,51,0.3591703782490195,0.5068297792280138
random,29,56,0.3591703782490195,0.5093273759982392
random,29,61,0.3591703782490195,0.5105932036925996
random,30,36,0.3116825290810931,0.44889387163518935
random,30,41,0.3591703782490195,0.4619214319950922
random,30,46,0.3591703782490195,0.46344908393561435
random,30,51,0.3591703782490195,0.46562035716148353
random,30,56,0.3591703782490195,0.4756068106536896
random,30,61,0.3591703782490195,0.5183554929751932
random,31,36,0.3116825290810931,0.46161052594409085
random,31,41,0.3116825290810931,0.4630310505436452
random,31,46,0.3591703782490195,0.47013986799190743
random,31,51,0.3591703782490195,0.5126089070317895
random,31,56,0.3591703782490195,0.5145188728749335
random,31,61,0.3591703782490195,0.5145188728749335
random,32,36,0.3116825290810931,0.4620281896630216
random,32,41,0.3116825290810931,0.4620281896630216
random,32,46,0.3116825290810931,0.4666060772077186
random,32,51,0.3591703782490195,0.4929580231958607
random,32,56,0.3591703782490195,0.49753647324091277
random,32,61,0.3591703782490195,0.4982669685383211
random,33,36,0.3106310579500928,0.46064759882839634
random,33,41,0.3106310579500928,0.46209262927945643
random,33,46,0.3106310579500928,0.4678775939543026
random,33,51,0.3106310579500928,0.5078627432328318
random,33,56,0.3106310579500928,0.5097195094635238
random,33,61,0.3530094910095711,0.5164712158960278
random,34,36,0.307062861210405,0.4512008627305541
random,34,41,0.3106310579500928,0.45631559866050175
random,34,46,0.3530094910095711,0.4722487989808205
random,34,51,0.3530094910095711,0.4734222232566574
random,34,56,0.3530094910095711,0.5161801938038016
random,34,61,0.3591703782490195,0.5195419712993898
random,35,36,0.3116825290810931,0.4283928348264055
random,35,41,0.3116825290810931,0.4341707142316457
random,35,46,0.3591703782490195,0.4430668284261301
random,35,51,0.3591703782490195,0.46662447990665856
random,35,56,0.3591703782490195,0.469634207504556
random,35,61,0.3591703782490195,0.472050777263086
random,36,36,0.3116825290810931,0.4608694070092219
random,36,41,0.3530094910095711,0.4871928083080702
random,36,46,0.3530094910095711,0.5100148888045554
random,36,51,0.3530094910095711,0.5134867654715041
random,36,56,0.3591703782490195,0.5173831796682169
random,36,61,0.3591703782490195,0.5173831796682169
random,37,36,0.3106310579500928,0.4539686449905864
random,37,41,0.3116825290810931,0.45879183220080255
random,37,46,0.3116825290810931,0.4735335093642543
random,37,51,0.3116825290810931,0.4735335093642543
random,37,56,0.3530094910095711,0.479054644751406
random,37,61,0.3530094910095711,0.48164826245790615
random,38,36,0.3106310579500928,0.4525432865335429
random,38,41,0.3116825290810931,0.4591664966336849
random,38,46,0.3116825290810931,0.4644275163113674
random,38,51,0.3591703782490195,0.48137479032093666
random,38,56,0.3591703782490195,0.48243775088974183
random,38,61,0.3591703782490195,0.48269957513590356
random,39,36,0.3116825290810931,0.4615999120616729
random,39,41,0.3116825290810931,0.46383662444197327
random,39,46,0.3116825290810931,0.46542666049554093
random,39,51,0.3116825290810931,0.47354351210914336
random,39,56,0.3116825290810931,0.5103222683655129
random,39,61,0.3530094910095711,0.5161801938038016
random,40,36,0.3116825290810931,0.4607827166758208
random,40,41,0.3116825290810931,0.4817050658957263
random,40,46,0.3116825290810931,0.48511293407371525
random,40,51,0.3530094910095711,0.49400286054048276
random,40,56,0.3591703782490195,0.497072513159753
random,40,61,0.3591703782490195,0.5194469102678265
random,41,36,0.3116825290810931,0.4605808324577037
random,41,41,0.3116825290810931,0.48385519868967186
random,41,46,0.3116825290810931,0.48527500775982163
random,41,51,0.3530094910095711,0.49095917737818
random,41,56,0.3530094910095711,0.4931304506040492
random,41,61,0.3530094910095711,0.49341296566383985
random,42,36,0.3116825290810931,0.44948977407693813
random,42,41,0.3116825290810931,0.4753306384295741
random,42,46,0.3116825290810931,0.4803573791785721
random,42,51,0.3116825290810931,0.48066763348844554
random,42,56,0.3116825290810931,0.48605899090523413
random,42,61,0.3530094910095711,0.5126065649083088
random,43,36,0.3116825290810931,0.45217097253006316
random,43,41,0.3116825290810931,0.45641042552167715
random,43,46,0.3591703782490195,0.4645208375219766
random,43,51,0.3591703782490195,0.5072695198434805
random,43,56,0.3591703782490195,0.5096567559683278
random,43,61,0.3591703782490195,0.5103587142193229
random,44,36,0.3116825290810931,0.4607345476933246
random,44,41,0.3116825290810931,0.4626321099911374
random,44,46,0.3591703782490195,0.4703813265693977
random,44,51,0.3591703782490195,0.5147782624547256
random,44,56,0.3591703782490195,0.5150579057363474
random,44,61,0.3591703782490195,0.5150864427827606
random,45,36,0.3106310579500928,0.4613156284450341
random,45,41,0.3106310579500928,0.4842620806476788
random,45,46,0.3591703782490195,0.49125037060410365
random,45,51,0.3591703782490195,0.5142099262088876
random,45,56,0.3591703782490195,0.5180566008727988
random,45,61,0.3591703782490195,0.5183647812008337
random,46,36,0.3116825290810931,0.46217001045030154
random,46,41,0.3591703782490195,0.46973276246748313
random,46,46,0.3591703782490195,0.4727093835477851
random,46,51,0.3591703782490195,0.515178422587667
random,46,56,0.3591703782490195,0.5166406024196439
random,46,61,0.3591703782490195,0.5174283334765618
random,47,36,0.3116825290810931,0.4526559357271987
random,47,41,0.3116825290810931,0.4808233588331495
random,47,46,0.3116825290810931,0.48408283273747255
random,47,51,0.3116825290810931,0.4842600628151969
random,47,56,0.3530094910095711,0.4924431554961276
random,47,61,0.3530094910095711,0.49351014042515123
random,48,36,0.3116825290810931,0.4506715345109095
random,48,41,0.3116825290810931,0.46345526931144265
random,48,46,0.3530094910095711,0.47006225437014587
random,48,51,0.3530094910095711,0.4769141752953188
random,48,56,0.3530094910095711,0.5146325658890121
random,48,61,0.3530094910095711,0.5184101971213682
random,49,36,0.3106310579500928,0.4511575496776146
random,49,41,0.3106310579500928,0.4988319754253041
random,49,46,0.3591703782490195,0.5056007618516903
random,49,51,0.3591703782490195,0.5056007618516903
random,49,56,0.3591703782490195,0.5071217961938683
random,49,61,0.3591703782490195,0.5078237544448635
gp_ehvi,0,36,0.3106310579500928,0.45315575568399863
gp_ehvi,0,41,0.3106310579500928,0.45315575568399863
gp_ehvi,0,46,0.3106310579500928,0.4644438081988981
gp_ehvi,0,51,0.3106310579500928,0.4693891906652003
gp_ehvi,0,56,0.3116825290810931,0.4873940640093721
gp_ehvi,0,61,0.3591703782490195,0.4991290176662506
gp_ehvi,1,36,0.3116825290810931,0.44580972036076755
gp_ehvi,1,41,0.3116825290810931,0.4487417321404872
gp_ehvi,1,46,0.3116825290810931,0.45108362283428843
gp_ehvi,1,51,0.3116825290810931,0.45426829457243917
gp_ehvi,1,56,0.3591703782490195,0.49647393407422524
gp_ehvi,1,61,0.3591703782490195,0.49939859160805156
gp_ehvi,2,36,0.3116825290810931,0.4602667764843245
gp_ehvi,2,41,0.3116825290810931,0.4625027733352202
gp_ehvi,2,46,0.3116825290810931,0.4635585631721774
gp_ehvi,2,51,0.3116825290810931,0.46554662228001664
gp_ehvi,2,56,0.3116825290810931,0.4887514410614874
gp_ehvi,2,61,0.3591703782490195,0.49963710544154677
gp_ehvi,3,36,0.3116825290810931,0.4255599357136482
gp_ehvi,3,41,0.3116825290810931,0.429429135321944
gp_ehvi,3,46,0.3116825290810931,0.4391231677274088
gp_ehvi,3,51,0.3116825290810931,0.473193266160954
gp_ehvi,3,56,0.3116825290810931,0.4764526272104622
gp_ehvi,3,61,0.3591703782490195,0.4891223987744979
gp_ehvi,4,36,0.3116825290810931,0.4572163598881284
gp_ehvi,4,41,0.3116825290810931,0.4596060733176166
gp_ehvi,4,46,0.3116825290810931,0.4613840945680525
gp_ehvi,4,51,0.3116825290810931,0.46689334647772
gp_ehvi,4,56,0.3116825290810931,0.48483708834806977
gp_ehvi,4,61,0.3591703782490195,0.49963308108132837
gp_ehvi,5,36,0.3116825290810931,0.4618239786906467
gp_ehvi,5,41,0.3116825290810931,0.4690194642100022
gp_ehvi,5,46,0.3530094910095711,0.4765827821779117
gp_ehvi,5,51,0.3530094910095711,0.4948633973344885
gp_ehvi,5,56,0.3530094910095711,0.4959915157042302
gp_ehvi,5,61,0.3530094910095711,0.49818389182471484
gp_ehvi,6,36,0.3106310579500928,0.4621019175050969
gp_ehvi,6,41,0.3106310579500928,0.4621019175050969
gp_ehvi,6,46,0.3106310579500928,0.4651928058915841
gp_ehvi,6,51,0.3106310579500928,0.4720314429095951
gp_ehvi,6,56,0.3530094910095711,0.49589034022283895
gp_ehvi,6,61,0.3530094910095711,0.49589034022283895
gp_ehvi,7,36,0.3116825290810931,0.4581571122406986
gp_ehvi,7,41,0.3116825290810931,0.461313567865059
gp_ehvi,7,46,0.3116825290810931,0.466191636781115
gp_ehvi,7,51,0.3116825290810931,0.49020861898311335
gp_ehvi,7,56,0.3116825290810931,0.4919775621631321
gp_ehvi,7,61,0.3116825290810931,0.5133188371469585
gp_ehvi,8,36,0.3116825290810931,0.4556200107866934
gp_ehvi,8,41,0.3116825290810931,0.45891964072889185
gp_ehvi,8,46,0.3116825290810931,0.4597711135532036
gp_ehvi,8,51,0.3116825290810931,0.48764405564513597
gp_ehvi,8,56,0.3591703782490195,0.4991234016553624
gp_ehvi,8,61,0.3591703782490195,0.519734250124419
gp_ehvi,9,36,0.3116825290810931,0.46220309298648815
gp_ehvi,9,41,0.3116825290810931,0.46220309298648815
gp_ehvi,9,46,0.3116825290810931,0.46529056266169566
gp_ehvi,9,51,0.3116825290810931,0.490687757563651
gp_ehvi,9,56,0.3116825290810931,0.4925853198614638
gp_ehvi,9,61,0.3591703782490195,0.5007000660103519
gp_ehvi,10,36,0.3116825290810931,0.4531653991577486
gp_ehvi,10,41,0.3116825290810931,0.4531653991577486
gp_ehvi,10,46,0.3116825290810931,0.4611089610829958
gp_ehvi,10,51,0.3116825290810931,0.4832467949354429
gp_ehvi,10,56,0.3116825290810931,0.48543917105592754
gp_ehvi,10,61,0.3591703782490195,0.4983356310392463
gp_ehvi,11,36,0.3116825290810931,0.46079200490146127
gp_ehvi,11,41,0.3116825290810931,0.463028001752357
gp_ehvi,11,46,0.3116825290810931,0.46880367820156277
gp_ehvi,11,51,0.3530094910095711,0.4938231587890767
gp_ehvi,11,56,0.3591703782490195,0.49688717667388654
gp_ehvi,11,61,0.3591703782490195,0.498153004368247
gp_ehvi,12,36,0.3116825290810931,0.4586688716559684
gp_ehvi,12,41,0.3530094910095711,0.46424715381263554
gp_ehvi,12,46,0.3530094910095711,0.46658904450643673
gp_ehvi,12,51,0.3530094910095711,0.47083246872174384
gp_ehvi,12,56,0.3530094910095711,0.49049582153890264
gp_ehvi,12,61,0.3530094910095711,0.4962753279459586
gp_ehvi,13,36,0.3116825290810931,0.46200120876837103
gp_ehvi,13,41,0.3116825290810931,0.46200120876837103
gp_ehvi,13,46,0.3116825290810931,0.4628526815926828
gp_ehvi,13,51,0.3116825290810931,0.48591706387125405
gp_ehvi,13,56,0.3116825290810931,0.4873940640093721
gp_ehvi,13,61,0.3591703782490195,0.4983356310392463
gp_ehvi,14,36,0.3116825290810931,0.4458903080614971
gp_ehvi,14,41,0.3116825290810931,0.4601425013141187
gp_ehvi,14,46,0.3116825290810931,0.46841161395468683
gp_ehvi,14,51,0.3116825290810931,0.46969771481153094
gp_ehvi,14,56,0.3116825290810931,0.47581117396334044
gp_ehvi,14,61,0.3591703782490195,0.4998223483777773
gp_ehvi,15,36,0.3116825290810931,0.437645240949048
gp_ehvi,15,41,0.3116825290810931,0.4486938482706393
gp_ehvi,15,46,0.3116825290810931,0.47289521327516065
gp_ehvi,15,51,0.3116825290810931,0.4773583817657039
gp_ehvi,15,56,0.3116825290810931,0.4819648518906693
gp_ehvi,15,61,0.3591703782490195,0.4904061119932689
gp_ehvi,16,36,0.3116825290810931,0.45156982108365035
gp_ehvi,16,41,0.3116825290810931,0.4586619101845858
gp_ehvi,16,46,0.3116825290810931,0.45971770002154294
gp_ehvi,16,51,0.3116825290810931,0.4617127206007648
gp_ehvi,16,56,0.3116825290810931,0.48608655130410766
gp_ehvi,16,61,0.3591703782490195,0.49940261596826996
gp_ehvi,17,36,0.3116825290810931,0.4512712824300166
gp_ehvi,17,41,0.3116825290810931,0.4512712824300166
gp_ehvi,17,46,0.3116825290810931,0.4610689170754266
gp_ehvi,17,51,0.3116825290810931,0.4853991270483583
gp_ehvi,17,56,0.3116825290810931,0.48768078912548224
gp_ehvi,17,61,0.3591703782490195,0.49939859160805156
gp_ehvi,18,36,0.3106310579500928,0.4421417798289019
gp_ehvi,18,41,0.3106310579500928,0.44299667136449344
gp_ehvi,18,46,0.3530094910095711,0.4546075807373103
gp_ehvi,18,51,0.3530094910095711,0.49176363000647505
gp_ehvi,18,56,0.3530094910095711,0.4970197557745184
gp_ehvi,18,61,0.3530094910095711,0.5166740830215831
gp_ehvi,19,36,0.3116825290810931,0.45123311545570716
gp_ehvi,19,41,0.3116825290810931,0.4937021544955892
gp_ehvi,19,46,0.3116825290810931,0.49828004204028614
gp_ehvi,19,51,0.3116825290810931,0.49828004204028614
gp_ehvi,19,56,0.3116825290810931,0.49926164357290304
gp_ehvi,19,61,0.3530094910095711,0.5083397388540755
gp_ehvi,20,36,0.3116825290810931,0.46052805641815137
gp_ehvi,20,41,0.3116825290810931,0.46052805641815137
gp_ehvi,20,46,0.3530094910095711,0.47138174566481467
gp_ehvi,20,51,0.3530094910095711,0.47326089401436583
gp_ehvi,20,56,0.3530094910095711,0.49607451123370433
gp_ehvi,20,61,0.3530094910095711,0.4982437340462725
gp_ehvi,21,36,0.3116825290810931,0.46198581890119456
gp_ehvi,21,41,0.3116825290810931,0.4621630489789189
gp_ehvi,21,46,0.3116825290810931,0.4652068979237153
gp_ehvi,21,51,0.3116825290810931,0.4873447317761624
gp_ehvi,21,56,0.3116825290810931,0.49152762315808063
gp_ehvi,21,61,0.3591703782490195,0.49963308108132837
gp_ehvi,22,36,0.3116825290810931,0.46074150916470724
gp_ehvi,22,41,0.3116825290810931,0.463454960204554
gp_ehvi,22,46,0.3530094910095711,0.47423402686253124
gp_ehvi,22,51,0.3530094910095711,0.49432081262015587
gp_ehvi,22,56,0.3591703782490195,0.4974332708090459
gp_ehvi,22,61,0.3591703782490195,0.4996045440349151
gp_ehvi,23,36,0.3116825290810931,0.42871276244552814
gp_ehvi,23,41,0.3116825290810931,0.43354090136425105
gp_ehvi,23,46,0.3116825290810931,0.44367579772971777
gp_ehvi,23,51,0.3116825290810931,0.4772726413189581
gp_ehvi,23,56,0.3116825290810931,0.48052049672322433
gp_ehvi,23,61,0.3530094910095711,0.5082045984700738
gp_ehvi,24,36,0.3106310579500928,0.4523657979816184
gp_ehvi,24,41,0.3106310579500928,0.4523657979816184
gp_ehvi,24,46,0.3106310579500928,0.4541438192320543
gp_ehvi,24,51,0.3106310579500928,0.4554096469264148
gp_ehvi,24,56,0.3116825290810931,0.47989394133678936
gp_ehvi,24,61,0.3591703782490195,0.4892438023351885
gp_ehvi,25,36,0.3116825290810931,0.45163239033380714
gp_ehvi,25,41,0.3116825290810931,0.45386838718470296
gp_ehvi,25,46,0.3116825290810931,0.4582174154735342
gp_ehvi,25,51,0.3116825290810931,0.5098683363949774
gp_ehvi,25,56,0.3116825290810931,0.5108499379275943
gp_ehvi,25,61,0.3530094910095711,0.5190534252806659
gp_ehvi,26,36,0.3116825290810931,0.45450782296073744
gp_ehvi,26,41,0.3116825290810931,0.4615999120616729
gp_ehvi,26,46,0.3116825290810931,0.46265570189863003
gp_ehvi,26,51,0.3116825290810931,0.466879757857365
gp_ehvi,26,56,0.3116825290810931,0.49198213893664855
gp_ehvi,26,61,0.3591703782490195,0.49963710544154677
gp_ehvi,27,36,0.3116825290810931,0.4421867652036496
gp_ehvi,27,41,0.3116825290810931,0.451887145249117
gp_ehvi,27,46,0.3116825290810931,0.46033060302707385
gp_ehvi,27,51,0.3116825290810931,0.48573577547263014
gp_ehvi,27,56,0.3116825290810931,0.48792815159311476
gp_ehvi,27,61,0.3591703782490195,0.4992634512240498
gp_ehvi,28,36,0.3116825290810931,0.46220541974074597
gp_ehvi,28,41,0.3116825290810931,0.5060942678507777
gp_ehvi,28,46,0.3530094910095711,0.5135516983569962
gp_ehvi,28,51,0.3530094910095711,0.5144101326526905
gp_ehvi,28,56,0.3530094910095711,0.515265024188282
gp_ehvi,28,61,0.3530094910095711,0.5164712158960278
gp_ehvi,29,36,0.3116825290810931,0.4484995688915257
gp_ehvi,29,41,0.3116825290810931,0.4499193779616754
gp_ehvi,29,46,0.3116825290810931,0.4530621996314986
gp_ehvi,29,51,0.3530094910095711,0.4832994974618045
gp_ehvi,29,56,0.3530094910095711,0.4887918509538241
gp_ehvi,29,61,0.3530094910095711,0.5094026994228806
gp_ehvi,30,36,0.3116825290810931,0.44889387163518935
gp_ehvi,30,41,0.3116825290810931,0.5013895895277657
gp_ehvi,30,46,0.3116825290810931,0.504668892815082
gp_ehvi,30,51,0.3530094910095711,0.5134865209965493
gp_ehvi,30,56,0.3530094910095711,0.5143372782914564
gp_ehvi,30,61,0.3530094910095711,0.5165296544119409
gp_ehvi,31,36,0.3116825290810931,0.46161052594409085
gp_ehvi,31,41,0.3116825290810931,0.46161052594409085
gp_ehvi,31,46,0.3116825290810931,0.46490948336379173
gp_ehvi,31,51,0.3116825290810931,0.4715366326373092
gp_ehvi,31,56,0.3116825290810931,0.4898923233956984
gp_ehvi,31,61,0.3591703782490195,0.49825768031268064
gp_ehvi,32,36,0.3116825290810931,0.4620281896630216
gp_ehvi,32,41,0.3116825290810931,0.4643028902687629
gp_ehvi,32,46,0.3116825290810931,0.4685239293121153
gp_ehvi,32,51,0.3530094910095711,0.47915348139677594
gp_ehvi,32,56,0.3530094910095711,0.4971192336499491
gp_ehvi,32,61,0.3530094910095711,0.5177300821190057
gp_ehvi,33,36,0.3106310579500928,0.46064759882839634
gp_ehvi,33,41,0.3106310579500928,0.4620674078985461
gp_ehvi,33,46,0.3106310579500928,0.47136487212824085
gp_ehvi,33,51,0.3106310579500928,0.4753929701278765
gp_ehvi,33,56,0.3591703782490195,0.4825880427316922
gp_ehvi,33,61,0.3591703782490195,0.49878136610862533
gp_ehvi,34,36,0.307062861210405,0.4512008627305541
gp_ehvi,34,41,0.307062861210405,0.49955141312274465
gp_ehvi,34,46,0.307062861210405,0.5045320052947436
gp_ehvi,34,51,0.3116825290810931,0.507304414843263
gp_ehvi,34,56,0.3116825290810931,0.5101007178341593
gp_ehvi,34,61,0.3530094910095711,0.5179811764862202
gp_ehvi,35,36,0.3116825290810931,0.4283928348264055
gp_ehvi,35,41,0.3116825290810931,0.43156196602854907
gp_ehvi,35,46,0.3116825290810931,0.4399040647314138
gp_ehvi,35,51,0.3116825290810931,0.4519696396059037
gp_ehvi,35,56,0.3116825290810931,0.47411443492973343
gp_ehvi,35,61,0.3591703782490195,0.4881768174061649
gp_ehvi,36,36,0.3116825290810931,0.4608694070092219
gp_ehvi,36,41,0.3116825290810931,0.5033384460491039
gp_ehvi,36,46,0.3116825290810931,0.5062019420631102
gp_ehvi,36,51,0.3116825290810931,0.5085438327569114
gp_ehvi,36,56,0.3116825290810931,0.5092527524792891
gp_ehvi,36,61,0.3116825290810931,0.5119804165958469
gp_ehvi,37,36,0.3106310579500928,0.4539686449905864
gp_ehvi,37,41,0.3106310579500928,0.4653041583068289
gp_ehvi,37,46,0.3106310579500928,0.4683480072516253
gp_ehvi,37,51,0.3106310579500928,0.48847841373966117
gp_ehvi,37,56,0.3591703782490195,0.49722520177583224
gp_ehvi,37,61,0.3591703782490195,0.4996045440349151
gp_ehvi,38,36,0.3106310579500928,0.4525432865335429
gp_ehvi,38,41,0.3106310579500928,0.48447875503140003
gp_ehvi,38,46,0.3106310579500928,0.48447875503140003
gp_ehvi,38,51,0.3116825290810931,0.48678159485891637
gp_ehvi,38,56,0.3591703782490195,0.49613702304049223
gp_ehvi,38,61,0.3591703782490195,0.49963710544154677
gp_ehvi,39,36,0.3116825290810931,0.4615999120616729
gp_ehvi,39,41,0.3116825290810931,0.4638359089125686
gp_ehvi,39,46,0.3116825290810931,0.46575447654637
gp_ehvi,39,51,0.3116825290810931,0.508223515586252
gp_ehvi,39,56,0.3530094910095711,0.5155446674699038
gp_ehvi,39,61,0.3530094910095711,0.5177370435903883
gp_ehvi,40,36,0.3116825290810931,0.4607827166758208
gp_ehvi,40,41,0.3116825290810931,0.4633824228326583
gp_ehvi,40,46,0.3530094910095711,0.4775003755950115
gp_ehvi,40,51,0.3530094910095711,0.4949295179272765
gp_ehvi,40,56,0.3530094910095711,0.4957902789772287
gp_ehvi,40,61,0.3591703782490195,0.5006715289639386
gp_ehvi,41,36,0.3116825290810931,0.4605808324577037
gp_ehvi,41,41,0.3116825290810931,0.4605808324577037
gp_ehvi,41,46,0.3116825290810931,0.4679117263482183
gp_ehvi,41,51,0.3116825290810931,0.4867326844114825
gp_ehvi,41,56,0.3591703782490195,0.4945219131757321
gp_ehvi,41,61,0.3591703782490195,0.4993740789218567
gp_ehvi,42,36,0.3116825290810931,0.44948977407693813
gp_ehvi,42,41,0.3116825290810931,0.4537889039724529
gp_ehvi,42,46,0.3116825290810931,0.4801614074103197
gp_ehvi,42,51,0.3116825290810931,0.4872683109137263
gp_ehvi,42,56,0.3530094910095711,0.49548865875433956
gp_ehvi,42,61,0.3530094910095711,0.4970548525052986
gp_ehvi,43,36,0.3116825290810931,0.45217097253006316
gp_ehvi,43,41,0.3116825290810931,0.45217097253006316
gp_ehvi,43,46,0.3116825290810931,0.4761647967633403
gp_ehvi,43,51,0.3530094910095711,0.4844322259676887
gp_ehvi,43,56,0.3530094910095711,0.48535877439381286
gp_ehvi,43,61,0.3530094910095711,0.48747949362376486
gp_ehvi,44,36,0.3116825290810931,0.4607345476933246
gp_ehvi,44,41,0.3116825290810931,0.4657898894269726
gp_ehvi,44,46,0.3116825290810931,0.4657898894269726
gp_ehvi,44,51,0.3116825290810931,0.4722675241271735
gp_ehvi,44,56,0.3116825290810931,0.4915827762803723
gp_ehvi,44,61,0.3591703782490195,0.5006715289639386
gp_ehvi,45,36,0.3106310579500928,0.4613156284450341
gp_ehvi,45,41,0.3530094910095711,0.46971010224373655
gp_ehvi,45,46,0.3530094910095711,0.47736492704249345
gp_ehvi,45,51,0.3530094910095711,0.49507870401893056
gp_ehvi,45,56,0.3530094910095711,0.4959294613138376
gp_ehvi,45,61,0.3591703782490195,0.49940570126957823
gp_ehvi,46,36,0.3116825290810931,0.46217001045030154
gp_ehvi,46,41,0.3116825290810931,0.4635898195204513
gp_ehvi,46,46,0.3116825290810931,0.46444542658544746
gp_ehvi,46,51,0.3116825290810931,0.47141875644521286
gp_ehvi,46,56,0.3530094910095711,0.49708382435950466
gp_ehvi,46,61,0.3591703782490195,0.4983166993910507
gp_ehvi,47,36,0.3116825290810931,0.4526559357271987
gp_ehvi,47,41,0.3116825290810931,0.46066760902730025
gp_ehvi,47,46,0.3530094910095711,0.48728253443889485
gp_ehvi,47,51,0.3530094910095711,0.49569696525900675
gp_ehvi,47,56,0.3530094910095711,0.49701650610368997
gp_ehvi,47,61,0.3530094910095711,0.49701650610368997
gp_ehvi,48,36,0.3116825290810931,0.4506715345109095
gp_ehvi,48,41,0.3116825290810931,0.4556866999028447
gp_ehvi,48,46,0.3116825290810931,0.485906845472334
gp_ehvi,48,51,0.3116825290810931,0.49038065096734695
gp_ehvi,48,56,0.3116825290810931,0.49137068288694025
gp_ehvi,48,61,0.3591703782490195,0.4996045440349151
gp_ehvi,49,36,0.3106310579500928,0.4511575496776146
gp_ehvi,49,41,0.3106310579500928,0.45402104569162083
gp_ehvi,49,46,0.3106310579500928,0.46124442906932067
gp_ehvi,49,51,0.3106310579500928,0.49762120083743644
gp_ehvi,49,56,0.3116825290810931,0.4999240406649527
gp_ehvi,49,61,0.3530094910095711,0.507673596047489
gp_ratio_ucb,0,36,0.3106310579500928,0.45315575568399863
gp_ratio_ucb,0,41,0.3106310579500928,0.45315575568399863
gp_ratio_ucb,0,46,0.3106310579500928,0.4585608837370379
gp_ratio_ucb,0,51,0.3106310579500928,0.47331037303459117
gp_ratio_ucb,0,56,0.3530094910095711,0.49774464292083265
gp_ratio_ucb,0,61,0.3591703782490195,0.49893514719055165
gp_ratio_ucb,1,36,0.3116825290810931,0.44580972036076755
gp_ratio_ucb,1,41,0.3116825290810931,0.4509589705390743
gp_ratio_ucb,1,46,0.3116825290810931,0.4541366808058424
gp_ratio_ucb,1,51,0.3116825290810931,0.47342830754588205
gp_ratio_ucb,1,56,0.3530094910095711,0.4804195198024019
gp_ratio_ucb,1,61,0.3591703782490195,0.4825689654270919
gp_ratio_ucb,2,36,0.3116825290810931,0.4602667764843245
gp_ratio_ucb,2,41,0.3116825290810931,0.4616865855544743
gp_ratio_ucb,2,46,0.3116825290810931,0.46851805184063716
gp_ratio_ucb,2,51,0.3530094910095711,0.4800620794670952
gp_ratio_ucb,2,56,0.3530094910095711,0.48137846115737287
gp_ratio_ucb,2,61,0.3591703782490195,0.49855111636026744
gp_ratio_ucb,3,36,0.3116825290810931,0.4255599357136482
gp_ratio_ucb,3,41,0.3116825290810931,0.429429135321944
gp_ratio_ucb,3,46,0.3530094910095711,0.4473792648866974
gp_ratio_ucb,3,51,0.3530094910095711,0.45147847770550575
gp_ratio_ucb,3,56,0.3530094910095711,0.46708794567410006
gp_ratio_ucb,3,61,0.3530094910095711,0.4869557339941264
gp_ratio_ucb,4,36,0.3116825290810931,0.4572163598881284
gp_ratio_ucb,4,41,0.3116825290810931,0.4596060733176166
gp_ratio_ucb,4,46,0.3530094910095711,0.4771080898808107
gp_ratio_ucb,4,51,0.3530094910095711,0.4789879537597666
gp_ratio_ucb,4,56,0.3591703782490195,0.4802277902626953
gp_ratio_ucb,4,61,0.3591703782490195,0.49871200690251277
gp_ratio_ucb,5,36,0.3116825290810931,0.4618239786906467
gp_ratio_ucb,5,41,0.3116825290810931,0.46324378776079644
gp_ratio_ucb,5,46,0.3591703782490195,0.47233254044436285
gp_ratio_ucb,5,51,0.3591703782490195,0.4744228612376716
gp_ratio_ucb,5,56,0.3591703782490195,0.4976276800191423
gp_ratio_ucb,5,61,0.3591703782490195,0.49847915284345407
gp_ratio_ucb,6,36,0.3106310579500928,0.4621019175050969
gp_ratio_ucb,6,41,0.3106310579500928,0.4621019175050969
gp_ratio_ucb,6,46,0.3106310579500928,0.4701135908051984
gp_ratio_ucb,6,51,0.3530094910095711,0.47665722820448875
gp_ratio_ucb,6,56,0.3591703782490195,0.48022707473329057
gp_ratio_ucb,6,61,0.3591703782490195,0.4827298559693371
gp_ratio_ucb,7,36,0.3116825290810931,0.4581571122406986
gp_ratio_ucb,7,41,0.3116825290810931,0.461313567865059
gp_ratio_ucb,7,46,0.3116825290810931,0.46962542253651957
gp_ratio_ucb,7,51,0.3116825290810931,0.47189525371035096
gp_ratio_ucb,7,56,0.3116825290810931,0.49087515458013337
gp_ratio_ucb,7,61,0.3591703782490195,0.49871200690251277
gp_ratio_ucb,8,36,0.3116825290810931,0.4556200107866934
gp_ratio_ucb,8,41,0.3116825290810931,0.46498731965794776
gp_ratio_ucb,8,46,0.3591703782490195,0.47783824695777344
gp_ratio_ucb,8,51,0.3591703782490195,0.4820592860011259
gp_ratio_ucb,8,56,0.3591703782490195,0.4822937754744028
gp_ratio_ucb,8,61,0.3591703782490195,0.5006715289639386
gp_ratio_ucb,9,36,0.3116825290810931,0.46220309298648815
gp_ratio_ucb,9,41,0.3116825290810931,0.46443908983738386
gp_ratio_ucb,9,46,0.3530094910095711,0.47579304844325676
gp_ratio_ucb,9,51,0.3530094910095711,0.478134939137058
gp_ratio_ucb,9,56,0.3591703782490195,0.4809979170829905
gp_ratio_ucb,9,61,0.3591703782490195,0.49893514719055165
gp_ratio_ucb,10,36,0.3116825290810931,0.4531653991577486
gp_ratio_ucb,10,41,0.3116825290810931,0.45402029069334016
gp_ratio_ucb,10,46,0.3116825290810931,0.45819841452894544
gp_ratio_ucb,10,51,0.3116825290810931,0.470745568967683
gp_ratio_ucb,10,56,0.3530094910095711,0.47765371431276743
gp_ratio_ucb,10,61,0.3530094910095711,0.49752150263279377
gp_ratio_ucb,11,36,0.3116825290810931,0.46079200490146127
gp_ratio_ucb,11,41,0.3116825290810931,0.463028001752357
gp_ratio_ucb,11,46,0.3116825290810931,0.46986663877036794
gp_ratio_ucb,11,51,0.3530094910095711,0.4789652278475385
gp_ratio_ucb,11,56,0.3591703782490195,0.4976276800191423
gp_ratio_ucb,11,61,0.3591703782490195,0.49847915284345407
gp_ratio_ucb,12,36,0.3116825290810931,0.4586688716559684
gp_ratio_ucb,12,41,0.3116825290810931,0.4586688716559684
gp_ratio_ucb,12,46,0.3116825290810931,0.4666805449560699
gp_ratio_ucb,12,51,0.3116825290810931,0.49087515458013337
gp_ratio_ucb,12,56,0.3116825290810931,0.49087515458013337
gp_ratio_ucb,12,61,0.3591703782490195,0.49871200690251277
gp_ratio_ucb,13,36,0.3116825290810931,0.46200120876837103
gp_ratio_ucb,13,41,0.3116825290810931,0.46200120876837103
gp_ratio_ucb,13,46,0.3530094910095711,0.4708784483447391
gp_ratio_ucb,13,51,0.3530094910095711,0.47173405540973523
gp_ratio_ucb,13,56,0.3591703782490195,0.47445211381348945
gp_ratio_ucb,13,61,0.3591703782490195,0.49726501550342334
gp_ratio_ucb,14,36,0.3116825290810931,0.4458903080614971
gp_ratio_ucb,14,41,0.3116825290810931,0.4690849274931214
gp_ratio_ucb,14,46,0.3530094910095711,0.4757179054623673
gp_ratio_ucb,14,51,0.3530094910095711,0.4780597961561685
gp_ratio_ucb,14,56,0.3591703782490195,0.4816100240721209
gp_ratio_ucb,14,61,0.3591703782490195,0.4999981077593569
gp_ratio_ucb,15,36,0.3116825290810931,0.437645240949048
gp_ratio_ucb,15,41,0.3116825290810931,0.4486938482706393
gp_ratio_ucb,15,46,0.3116825290810931,0.4587401200496995
gp_ratio_ucb,15,51,0.3116825290810931,0.4636181889657556
gp_ratio_ucb,15,56,0.3116825290810931,0.4663745417645198
gp_ratio_ucb,15,61,0.3591703782490195,0.47436523096839595
gp_ratio_ucb,16,36,0.3116825290810931,0.45156982108365035
gp_ratio_ucb,16,41,0.3116825290810931,0.45156982108365035
gp_ratio_ucb,16,46,0.3116825290810931,0.45702534529033906
gp_ratio_ucb,16,51,0.3591703782490195,0.46556822371848694
gp_ratio_ucb,16,56,0.3591703782490195,0.4794181505104862
gp_ratio_ucb,16,61,0.3591703782490195,0.49976361828608007
gp_ratio_ucb,17,36,0.3116825290810931,0.4512712824300166
gp_ratio_ucb,17,41,0.3116825290810931,0.45269109150016634
gp_ratio_ucb,17,46,0.3530094910095711,0.471332413431605
gp_ratio_ucb,17,51,0.3530094910095711,0.4713400904323922
gp_ratio_ucb,17,56,0.3591703782490195,0.47869553802879655
gp_ratio_ucb,17,61,0.3591703782490195,0.49744070496084375
gp_ratio_ucb,18,36,0.3106310579500928,0.4421417798289019
gp_ratio_ucb,18,41,0.3106310579500928,0.4421417798289019
gp_ratio_ucb,18,46,0.3106310579500928,0.446976440512662
gp_ratio_ucb,18,51,0.3530094910095711,0.47002091204100505
gp_ratio_ucb,18,56,0.3530094910095711,0.49473732494984957
gp_ratio_ucb,18,61,0.3591703782490195,0.49764904633370755
gp_ratio_ucb,19,36,0.3116825290810931,0.45123311545570716
gp_ratio_ucb,19,41,0.3116825290810931,0.4526529245258569
gp_ratio_ucb,19,46,0.3116825290810931,0.4614876464113015
gp_ratio_ucb,19,51,0.3116825290810931,0.49818100900197787
gp_ratio_ucb,19,56,0.3116825290810931,0.49937879296544646
gp_ratio_ucb,19,61,0.3530094910095711,0.5074146403150415
gp_ratio_ucb,20,36,0.3116825290810931,0.46052805641815137
gp_ratio_ucb,20,41,0.3116825290810931,0.46324150745799814
gp_ratio_ucb,20,46,0.3116825290810931,0.4660378403553873
gp_ratio_ucb,20,51,0.3530094910095711,0.47903657046357156
gp_ratio_ucb,20,56,0.3530094910095711,0.48009236030052876
gp_ratio_ucb,20,61,0.3591703782490195,0.49871200690251277
gp_ratio_ucb,21,36,0.3116825290810931,0.46198581890119456
gp_ratio_ucb,21,41,0.3530094910095711,0.4690897975897027
gp_ratio_ucb,21,46,0.3530094910095711,0.47314021916512305
gp_ratio_ucb,21,51,0.3591703782490195,0.4744228612376716
gp_ratio_ucb,21,56,0.3591703782490195,0.4976276800191423
gp_ratio_ucb,21,61,0.3591703782490195,0.49847915284345407
gp_ratio_ucb,22,36,0.3116825290810931,0.46074150916470724
gp_ratio_ucb,22,41,0.3116825290810931,0.463454960204554
gp_ratio_ucb,22,46,0.3591703782490195,0.47418837176439477
gp_ratio_ucb,22,51,0.3591703782490195,0.48164552908596675
gp_ratio_ucb,22,56,0.3591703782490195,0.4976276800191423
gp_ratio_ucb,22,61,0.3591703782490195,0.49847915284345407
gp_ratio_ucb,23,36,0.3116825290810931,0.42871276244552814
gp_ratio_ucb,23,41,0.3116825290810931,0.43354090136425105
gp_ratio_ucb,23,46,0.3530094910095711,0.44930720447963657
gp_ratio_ucb,23,51,0.3530094910095711,0.4525039867090293
gp_ratio_ucb,23,56,0.3530094910095711,0.45794492696856426
gp_ratio_ucb,23,61,0.3591703782490195,0.4899823552235431
gp_ratio_ucb,24,36,0.3106310579500928,0.4523657979816184
gp_ratio_ucb,24,41,0.3106310579500928,0.4523657979816184
gp_ratio_ucb,24,46,0.3106310579500928,0.4603774712817199
gp_ratio_ucb,24,51,0.3530094910095711,0.4670969369410374
gp_ratio_ucb,24,56,0.3530094910095711,0.46983002919697087
gp_ratio_ucb,24,61,0.3591703782490195,0.4877046426508606
gp_ratio_ucb,25,36,0.3116825290810931,0.45163239033380714
gp_ratio_ucb,25,41,0.3116825290810931,0.45386838718470296
gp_ratio_ucb,25,46,0.3116825290810931,0.4578403168075648
gp_ratio_ucb,25,51,0.3530094910095711,0.5117527627716839
gp_ratio_ucb,25,56,0.3530094910095711,0.5128157233404891
gp_ratio_ucb,25,61,0.3591703782490195,0.5172007961349933
gp_ratio_ucb,26,36,0.3116825290810931,0.45450782296073744
gp_ratio_ucb,26,41,0.3116825290810931,0.45450782296073744
gp_ratio_ucb,26,46,0.3530094910095711,0.4629352866481607
gp_ratio_ucb,26,51,0.3530094910095711,0.4652764618125572
gp_ratio_ucb,26,56,0.3591703782490195,0.4801224331780778
gp_ratio_ucb,26,61,0.3591703782490195,0.49893514719055165
gp_ratio_ucb,27,36,0.3116825290810931,0.4421867652036496
gp_ratio_ucb,27,41,0.3116825290810931,0.4572544443721866
gp_ratio_ucb,27,46,0.3116825290810931,0.4636368791767476
gp_ratio_ucb,27,51,0.3530094910095711,0.4773074670881799
gp_ratio_ucb,27,56,0.3591703782490195,0.48022707473329057
gp_ratio_ucb,27,61,0.3591703782490195,0.49871200690251277
gp_ratio_ucb,28,36,0.3116825290810931,0.46220541974074597
gp_ratio_ucb,28,41,0.3116825290810931,0.5060942678507777
gp_ratio_ucb,28,46,0.3530094910095711,0.5135516983569962
gp_ratio_ucb,28,51,0.3530094910095711,0.5135516983569962
gp_ratio_ucb,28,56,0.3530094910095711,0.5157299330542479
gp_ratio_ucb,28,61,0.3591703782490195,0.5172000806055886
gp_ratio_ucb,29,36,0.3116825290810931,0.4484995688915257
gp_ratio_ucb,29,41,0.3116825290810931,0.4484995688915257
gp_ratio_ucb,29,46,0.3116825290810931,0.4515904572780129
gp_ratio_ucb,29,51,0.3530094910095711,0.46845349374579287
gp_ratio_ucb,29,56,0.3530094910095711,0.4862136659294044
gp_ratio_ucb,29,61,0.3530094910095711,0.4887958753140425
gp_ratio_ucb,30,36,0.3116825290810931,0.44889387163518935
gp_ratio_ucb,30,41,0.3116825290810931,0.5013895895277657
gp_ratio_ucb,30,46,0.3116825290810931,0.5055237843506735
gp_ratio_ucb,30,51,0.3116825290810931,0.5077637359422621
gp_ratio_ucb,30,56,0.3530094910095711,0.5146583997892068
gp_ratio_ucb,30,61,0.3591703782490195,0.5161378355661881
gp_ratio_ucb,31,36,0.3116825290810931,0.46161052594409085
gp_ratio_ucb,31,41,0.3116825290810931,0.46161052594409085
gp_ratio_ucb,31,46,0.3530094910095711,0.4708784483447391
gp_ratio_ucb,31,51,0.3530094910095711,0.47750901632953635
gp_ratio_ucb,31,56,0.3591703782490195,0.48022707473329057
gp_ratio_ucb,31,61,0.3591703782490195,0.4976569325949603
gp_ratio_ucb,32,36,0.3116825290810931,0.4620281896630216
gp_ratio_ucb,32,41,0.3116825290810931,0.4643028902687629
gp_ratio_ucb,32,46,0.3116825290810931,0.4719577150675198
gp_ratio_ucb,32,51,0.3116825290810931,0.47350847360503723
gp_ratio_ucb,32,56,0.3591703782490195,0.4801985376868773
gp_ratio_ucb,32,61,0.3591703782490195,0.49847915284345407
gp_ratio_ucb,33,36,0.3106310579500928,0.46064759882839634
gp_ratio_ucb,33,41,0.3106310579500928,0.4620674078985461
gp_ratio_ucb,33,46,0.3106310579500928,0.4709021297839907
gp_ratio_ucb,33,51,0.3106310579500928,0.47571291969715623
gp_ratio_ucb,33,56,0.3591703782490195,0.4821816414849563
gp_ratio_ucb,33,61,0.3591703782490195,0.4837814673529044
gp_ratio_ucb,34,36,0.307062861210405,0.4512008627305541
gp_ratio_ucb,34,41,0.307062861210405,0.49955141312274465
gp_ratio_ucb,34,46,0.3530094910095711,0.5093112968581116
gp_ratio_ucb,34,51,0.3530094910095711,0.5112291489625083
gp_ratio_ucb,34,56,0.3591703782490195,0.5169111490983264
gp_ratio_ucb,34,61,0.3591703782490195,0.5169211528533715
gp_ratio_ucb,35,36,0.3116825290810931,0.4283928348264055
gp_ratio_ucb,35,41,0.3116825290810931,0.4396646195381057
gp_ratio_ucb,35,46,0.3116825290810931,0.45682999543054964
gp_ratio_ucb,35,51,0.3116825290810931,0.4577565438566738
gp_ratio_ucb,35,56,0.3591703782490195,0.46531480252894497
gp_ratio_ucb,35,61,0.3591703782490195,0.47338570834702487
gp_ratio_ucb,36,36,0.3116825290810931,0.4608694070092219
gp_ratio_ucb,36,41,0.3116825290810931,0.5033384460491039
gp_ratio_ucb,36,46,0.3116825290810931,0.5043942358860611
gp_ratio_ucb,36,51,0.3530094910095711,0.5141221149135785
gp_ratio_ucb,36,56,0.3591703782490195,0.5153619514165072
gp_ratio_ucb,36,61,0.3591703782490195,0.5178128679239982
gp_ratio_ucb,37,36,0.3106310579500928,0.4539686449905864
gp_ratio_ucb,37,41,0.3106310579500928,0.4668726479306685
gp_ratio_ucb,37,46,0.3530094910095711,0.4772553662907352
gp_ratio_ucb,37,51,0.3591703782490195,0.47881496600666845
gp_ratio_ucb,37,56,0.3591703782490195,0.4976276800191423
gp_ratio_ucb,37,61,0.3591703782490195,0.49847915284345407
gp_ratio_ucb,38,36,0.3106310579500928,0.4525432865335429
gp_ratio_ucb,38,41,0.3106310579500928,0.48447875503140003
gp_ratio_ucb,38,46,0.3106310579500928,0.4858985641015498
gp_ratio_ucb,38,51,0.3530094910095711,0.4948233552938154
gp_ratio_ucb,38,56,0.3530094910095711,0.49833211310457765
gp_ratio_ucb,38,61,0.3591703782490195,0.5007000660103519
gp_ratio_ucb,39,36,0.3116825290810931,0.4615999120616729
gp_ratio_ucb,39,41,0.3116825290810931,0.4638359089125686
gp_ratio_ucb,39,46,0.3116825290810931,0.4662422745150822
gp_ratio_ucb,39,51,0.3530094910095711,0.5146676880148473
gp_ratio_ucb,39,56,0.3530094910095711,0.5157306485836525
gp_ratio_ucb,39,61,0.3530094910095711,0.5160102918652743
gp_ratio_ucb,40,36,0.3116825290810931,0.4607827166758208
gp_ratio_ucb,40,41,0.3116825290810931,0.4633824228326583
gp_ratio_ucb,40,46,0.3530094910095711,0.4731802631726923
gp_ratio_ucb,40,51,0.3530094910095711,0.47895593962189803
gp_ratio_ucb,40,56,0.3591703782490195,0.4976276800191423
gp_ratio_ucb,40,61,0.3591703782490195,0.49847915284345407
gp_ratio_ucb,41,36,0.3116825290810931,0.4605808324577037
gp_ratio_ucb,41,41,0.3116825290810931,0.4620006415278535
gp_ratio_ucb,41,46,0.3591703782490195,0.4741460010025677
gp_ratio_ucb,41,51,0.3591703782490195,0.47418837176439477
gp_ratio_ucb,41,56,0.3591703782490195,0.48164552908596675
gp_ratio_ucb,41,61,0.3591703782490195,0.49847915284345407
gp_ratio_ucb,42,36,0.3116825290810931,0.44948977407693813
gp_ratio_ucb,42,41,0.3116825290810931,0.45699618536232267
gp_ratio_ucb,42,46,0.3530094910095711,0.4639967366709587
gp_ratio_ucb,42,51,0.3530094910095711,0.467412520779378
gp_ratio_ucb,42,56,0.3591703782490195,0.4758684984670121
gp_ratio_ucb,42,61,0.3591703782490195,0.49541540319589533
gp_ratio_ucb,43,36,0.3116825290810931,0.45217097253006316
gp_ratio_ucb,43,41,0.3116825290810931,0.45217097253006316
gp_ratio_ucb,43,46,0.3116825290810931,0.4610375373657562
gp_ratio_ucb,43,51,0.3530094910095711,0.4844356446789685
gp_ratio_ucb,43,56,0.3530094910095711,0.48677753537276974
gp_ratio_ucb,43,61,0.3530094910095711,0.4880939170630474
gp_ratio_ucb,44,36,0.3116825290810931,0.4607345476933246
gp_ratio_ucb,44,41,0.3116825290810931,0.4634479987331714
gp_ratio_ucb,44,46,0.3591703782490195,0.472302261943461
gp_ratio_ucb,44,51,0.3591703782490195,0.48164552908596675
gp_ratio_ucb,44,56,0.3591703782490195,0.4976276800191423
gp_ratio_ucb,44,61,0.3591703782490195,0.49847915284345407
gp_ratio_ucb,45,36,0.3106310579500928,0.4613156284450341
gp_ratio_ucb,45,41,0.3530094910095711,0.46971010224373655
gp_ratio_ucb,45,46,0.3530094910095711,0.47736492704249345
gp_ratio_ucb,45,51,0.3530094910095711,0.4789652278475385
gp_ratio_ucb,45,56,0.3591703782490195,0.4976276800191423
gp_ratio_ucb,45,61,0.3591703782490195,0.49847915284345407
gp_ratio_ucb,46,36,0.3116825290810931,0.46217001045030154
gp_ratio_ucb,46,41,0.3116825290810931,0.4635898195204513
gp_ratio_ucb,46,46,0.3116825290810931,0.46444471105604285
gp_ratio_ucb,46,51,0.3116825290810931,0.4678746179431114
gp_ratio_ucb,46,56,0.3530094910095711,0.480483561862661
gp_ratio_ucb,46,61,0.3591703782490195,0.4994342383159915
gp_ratio_ucb,47,36,0.3116825290810931,0.4526559357271987
gp_ratio_ucb,47,41,0.3116825290810931,0.4617305695961054
gp_ratio_ucb,47,46,0.3530094910095711,0.4699766952646132
gp_ratio_ucb,47,51,0.3530094910095711,0.4700190660264403
gp_ratio_ucb,47,56,0.3591703782490195,0.47269936726486844
gp_ratio_ucb,47,61,0.3591703782490195,0.49715961199877085
gp_ratio_ucb,48,36,0.3116825290810931,0.4506715345109095
gp_ratio_ucb,48,41,0.3116825290810931,0.4556866999028447
gp_ratio_ucb,48,46,0.3591703782490195,0.47418837176439477
gp_ratio_ucb,48,51,0.3591703782490195,0.4767647519314728
gp_ratio_ucb,48,56,0.3591703782490195,0.48398741977976795
gp_ratio_ucb,48,61,0.3591703782490195,0.4999695707129436
gp_ratio_ucb,49,36,0.3106310579500928,0.4511575496776146
gp_ratio_ucb,49,41,0.3106310579500928,0.45402104569162083
gp_ratio_ucb,49,46,0.3106310579500928,0.46065232920582283
gp_ratio_ucb,49,51,0.3530094910095711,0.5049327206101798
gp_ratio_ucb,49,56,0.3530094910095711,0.5057834779050869
gp_ratio_ucb,49,61,0.3530094910095711,0.5094026994228806
gp_pareto_unc,0,36,0.3106310579500928,0.45315575568399863
gp_pareto_unc,0,41,0.3116825290810931,0.45358935270784034
gp_pareto_unc,0,46,0.3116825290810931,0.45535267168238974
gp_pareto_unc,0,51,0.3591703782490195,0.4691918473627442
gp_pareto_unc,0,56,0.3591703782490195,0.4804825099332034
gp_pareto_unc,0,61,0.3591703782490195,0.5191809689815797
gp_pareto_unc,1,36,0.3116825290810931,0.44580972036076755
gp_pareto_unc,1,41,0.3116825290810931,0.4467803402495106
gp_pareto_unc,1,46,0.3591703782490195,0.4581000597074695
gp_pareto_unc,1,51,0.3591703782490195,0.4641954971706229
gp_pareto_unc,1,56,0.3591703782490195,0.4768894521035586
gp_pareto_unc,1,61,0.3591703782490195,0.5167104826574072
gp_pareto_unc,2,36,0.3116825290810931,0.4602667764843245
gp_pareto_unc,2,41,0.3116825290810931,0.46132256632128166
gp_pareto_unc,2,46,0.3591703782490195,0.47275175430961214
gp_pareto_unc,2,51,0.3591703782490195,0.4782052245512105
gp_pareto_unc,2,56,0.3591703782490195,0.4798595230946371
gp_pareto_unc,2,61,0.3591703782490195,0.48283876672762516
gp_pareto_unc,3,36,0.3116825290810931,0.4255599357136482
gp_pareto_unc,3,41,0.3116825290810931,0.42556065124305287
gp_pareto_unc,3,46,0.3591703782490195,0.4340377305117119
gp_pareto_unc,3,51,0.3591703782490195,0.44057159797148515
gp_pareto_unc,3,56,0.3591703782490195,0.46373197479606865
gp_pareto_unc,3,61,0.3591703782490195,0.5184521285563178
gp_pareto_unc,4,36,0.3116825290810931,0.4572163598881284
gp_pareto_unc,4,41,0.3116825290810931,0.4581869797768715
gp_pareto_unc,4,46,0.3116825290810931,0.45929138631763367
gp_pareto_unc,4,51,0.3591703782490195,0.4734537125606073
gp_pareto_unc,4,56,0.3591703782490195,0.4782052245512105
gp_pareto_unc,4,61,0.3591703782490195,0.516944972130684
gp_pareto_unc,5,36,0.3116825290810931,0.4618239786906467
gp_pareto_unc,5,41,0.3591703782490195,0.4686815181202993
gp_pareto_unc,5,46,0.3591703782490195,0.46869080634593974
gp_pareto_unc,5,51,0.3591703782490195,0.47393326328949015
gp_pareto_unc,5,56,0.3591703782490195,0.47959649657494696
gp_pareto_unc,5,61,0.3591703782490195,0.5183362441544206
gp_pareto_unc,6,36,0.3106310579500928,0.4621019175050969
gp_pareto_unc,6,41,0.3106310579500928,0.46210263303450155
gp_pareto_unc,6,46,0.3591703782490195,0.4697751332293102
gp_pareto_unc,6,51,0.3591703782490195,0.47275175430961214
gp_pareto_unc,6,56,0.3591703782490195,0.4782052245512105
gp_pareto_unc,6,61,0.3591703782490195,0.48365495450837115
gp_pareto_unc,7,36,0.3116825290810931,0.4581571122406986
gp_pareto_unc,7,41,0.3116825290810931,0.45815782777010333
gp_pareto_unc,7,46,0.3116825290810931,0.4647887873459294
gp_pareto_unc,7,51,0.3591703782490195,0.4770089153482303
gp_pareto_unc,7,56,0.3591703782490195,0.5162161317054221
gp_pareto_unc,7,61,0.3591703782490195,0.5162161317054221
gp_pareto_unc,8,36,0.3116825290810931,0.4556200107866934
gp_pareto_unc,8,41,0.3591703782490195,0.46452609115923427
gp_pareto_unc,8,46,0.3591703782490195,0.5103540175390737
gp_pareto_unc,8,51,0.3591703782490195,0.5152059931263919
gp_pareto_unc,8,56,0.3591703782490195,0.5152059931263919
gp_pareto_unc,8,61,0.3591703782490195,0.5199809030306949
gp_pareto_unc,9,36,0.3116825290810931,0.46220309298648815
gp_pareto_unc,9,41,0.3116825290810931,0.4622038085158928
gp_pareto_unc,9,46,0.3116825290810931,0.4645542719059298
gp_pareto_unc,9,51,0.3591703782490195,0.4734537125606073
gp_pareto_unc,9,56,0.3591703782490195,0.4811844681841986
gp_pareto_unc,9,61,0.3591703782490195,0.5191809689815797
gp_pareto_unc,10,36,0.3116825290810931,0.4531653991577486
gp_pareto_unc,10,41,0.3116825290810931,0.4531661146871533
gp_pareto_unc,10,46,0.3591703782490195,0.4626830441283747
gp_pareto_unc,10,51,0.3591703782490195,0.46565966520867663
gp_pareto_unc,10,56,0.3591703782490195,0.47317509335484387
gp_pareto_unc,10,61,0.3591703782490195,0.516944972130684
gp_pareto_unc,11,36,0.3116825290810931,0.46079200490146127
gp_pareto_unc,11,41,0.3116825290810931,0.46079200490146127
gp_pareto_unc,11,46,0.3591703782490195,0.4714371164063548
gp_pareto_unc,11,51,0.3591703782490195,0.4746511141086448
gp_pareto_unc,11,56,0.3591703782490195,0.47959649657494696
gp_pareto_unc,11,61,0.3591703782490195,0.48147564492449824
gp_pareto_unc,12,36,0.3116825290810931,0.4586688716559684
gp_pareto_unc,12,41,0.3116825290810931,0.4586695871853731
gp_pareto_unc,12,46,0.3591703782490195,0.4689685898531575
gp_pareto_unc,12,51,0.3591703782490195,0.4727654911329232
gp_pareto_unc,12,56,0.3591703782490195,0.4799468704501212
gp_pareto_unc,12,61,0.3591703782490195,0.48423677269762366
gp_pareto_unc,13,36,0.3116825290810931,0.46200120876837103
gp_pareto_unc,13,41,0.3116825290810931,0.4620019242977757
gp_pareto_unc,13,46,0.3116825290810931,0.46454498368028935
gp_pareto_unc,13,51,0.3116825290810931,0.4687976961212369
gp_pareto_unc,13,56,0.3591703782490195,0.4776971367759143
gp_pareto_unc,13,61,0.3591703782490195,0.5167104826574072
gp_pareto_unc,14,36,0.3116825290810931,0.4458903080614971
gp_pareto_unc,14,41,0.3116825290810931,0.4458910235909018
gp_pareto_unc,14,46,0.3591703782490195,0.45438474941327567
gp_pareto_unc,14,51,0.3591703782490195,0.4627262505825773
gp_pareto_unc,14,56,0.3591703782490195,0.47639792519271695
gp_pareto_unc,14,61,0.3591703782490195,0.4845827746931746
gp_pareto_unc,15,36,0.3116825290810931,0.437645240949048
gp_pareto_unc,15,41,0.3116825290810931,0.4376459564784526
gp_pareto_unc,15,46,0.3591703782490195,0.46021050783401507
gp_pareto_unc,15,51,0.3591703782490195,0.4667443752937882
gp_pareto_unc,15,56,0.3591703782490195,0.4680601477414401
gp_pareto_unc,15,61,0.3591703782490195,0.5088014026985326
gp_pareto_unc,16,36,0.3116825290810931,0.45156982108365035
gp_pareto_unc,16,41,0.3591703782490195,0.45807749879327947
gp_pareto_unc,16,46,0.3591703782490195,0.45913257310083194
gp_pareto_unc,16,51,0.3591703782490195,0.4701699419799371
gp_pareto_unc,16,56,0.3591703782490195,0.5162161317054221
gp_pareto_unc,16,61,0.3591703782490195,0.5184521285563178
gp_pareto_unc,17,36,0.3116825290810931,0.4512712824300166
gp_pareto_unc,17,41,0.3116825290810931,0.45159441574682657
gp_pareto_unc,17,46,0.3116825290810931,0.45480533601595075
gp_pareto_unc,17,51,0.3591703782490195,0.46750132713928627
gp_pareto_unc,17,56,0.3591703782490195,0.4776971367759143
gp_pareto_unc,17,61,0.3591703782490195,0.516944972130684
gp_pareto_unc,18,36,0.3106310579500928,0.4421417798289019
gp_pareto_unc,18,41,0.3116825290810931,0.4433685166700959
gp_pareto_unc,18,46,0.3116825290810931,0.4476032014981718
gp_pareto_unc,18,51,0.3591703782490195,0.4629525609172206
gp_pareto_unc,18,56,0.3591703782490195,0.47281789910941885
gp_pareto_unc,18,61,0.3591703782490195,0.5183647812008337
gp_pareto_unc,19,36,0.3116825290810931,0.45123311545570716
gp_pareto_unc,19,41,0.3116825290810931,0.45123383098511183
gp_pareto_unc,19,46,0.3591703782490195,0.45981295047317894
gp_pareto_unc,19,51,0.3591703782490195,0.467344452667134
gp_pareto_unc,19,56,0.3591703782490195,0.46804641091812904
gp_pareto_unc,19,61,0.3591703782490195,0.5070597567996219
gp_pareto_unc,20,36,0.3116825290810931,0.46052805641815137
gp_pareto_unc,20,41,0.3116825290810931,0.46091945477183627
gp_pareto_unc,20,46,0.3591703782490195,0.4714581123399152
gp_pareto_unc,20,51,0.3591703782490195,0.4719662001152113
gp_pareto_unc,20,56,0.3591703782490195,0.47266815836620646
gp_pareto_unc,20,61,0.3591703782490195,0.5185148261749932
gp_pareto_unc,21,36,0.3116825290810931,0.46198581890119456
gp_pareto_unc,21,41,0.3591703782490195,0.4686421896421348
gp_pareto_unc,21,46,0.3591703782490195,0.46869152187534446
gp_pareto_unc,21,51,0.3591703782490195,0.473231305038495
gp_pareto_unc,21,56,0.3591703782490195,0.47535307235963997
gp_pareto_unc,21,61,0.3591703782490195,0.5181017546811437
gp_pareto_unc,22,36,0.3116825290810931,0.46074150916470724
gp_pareto_unc,22,41,0.3591703782490195,0.4673978799056474
gp_pareto_unc,22,46,0.3591703782490195,0.4701434744366578
gp_pareto_unc,22,51,0.3591703782490195,0.4733650132518007
gp_pareto_unc,22,56,0.3591703782490195,0.47959649657494696
gp_pareto_unc,22,61,0.3591703782490195,0.47983098604822383
gp_pareto_unc,23,36,0.3116825290810931,0.42871276244552814
gp_pareto_unc,23,41,0.3116825290810931,0.42871347797493287
gp_pareto_unc,23,46,0.3591703782490195,0.43886734092471613
gp_pareto_unc,23,51,0.3591703782490195,0.46240246552510567
gp_pareto_unc,23,56,0.3591703782490195,0.5086525254912199
gp_pareto_unc,23,61,0.3591703782490195,0.5087876658752215
gp_pareto_unc,24,36,0.3106310579500928,0.4523657979816184
gp_pareto_unc,24,41,0.3116825290810931,0.4536174451913005
gp_pareto_unc,24,46,0.3591703782490195,0.46012440737152493
gp_pareto_unc,24,51,0.3591703782490195,0.4631010284518269
gp_pareto_unc,24,56,0.3591703782490195,0.46804641091812904
gp_pareto_unc,24,61,0.3591703782490195,0.5090221553484984
gp_pareto_unc,25,36,0.3116825290810931,0.45163239033380714
gp_pareto_unc,25,41,0.3116825290810931,0.45195552365061714
gp_pareto_unc,25,46,0.3591703782490195,0.46355015408607203
gp_pareto_unc,25,51,0.3591703782490195,0.4654565109227333
gp_pareto_unc,25,56,0.3591703782490195,0.47915756484364197
gp_pareto_unc,25,61,0.3591703782490195,0.5202439295503849
gp_pareto_unc,26,36,0.3116825290810931,0.45450782296073744
gp_pareto_unc,26,41,0.3116825290810931,0.4545085384901421
gp_pareto_unc,26,46,0.3591703782490195,0.4639691449852188
gp_pareto_unc,26,51,0.3591703782490195,0.47317509335484387
gp_pareto_unc,26,56,0.3591703782490195,0.516944972130684
gp_pareto_unc,26,61,0.3591703782490195,0.5183647812008337
gp_pareto_unc,27,36,0.3116825290810931,0.4421867652036496
gp_pareto_unc,27,41,0.3116825290810931,0.4458910235909018
gp_pareto_unc,27,46,0.3591703782490195,0.4563867265350796
gp_pareto_unc,27,51,0.3591703782490195,0.4588828734182149
gp_pareto_unc,27,56,0.3591703782490195,0.4628509028777915
gp_pareto_unc,27,61,0.3591703782490195,0.5183796857909916
gp_pareto_unc,28,36,0.3116825290810931,0.46220541974074597
gp_pareto_unc,28,41,0.3116825290810931,0.46220613527015064
gp_pareto_unc,28,46,0.3591703782490195,0.47105427261477156
gp_pareto_unc,28,51,0.3591703782490195,0.4734537125606073
gp_pareto_unc,28,56,0.3591703782490195,0.4784397140244873
gp_pareto_unc,28,61,0.3591703782490195,0.5183647812008337
gp_pareto_unc,29,36,0.3116825290810931,0.4484995688915257
gp_pareto_unc,29,41,0.3116825290810931,0.4485002844209303
gp_pareto_unc,29,46,0.3591703782490195,0.46380298670282205
gp_pareto_unc,29,51,0.3591703782490195,0.46603898355371776
gp_pareto_unc,29,56,0.3591703782490195,0.5092957536505177
gp_pareto_unc,29,61,0.3591703782490195,0.5105932036925996
gp_pareto_unc,30,36,0.3116825290810931,0.44889387163518935
gp_pareto_unc,30,41,0.3116825290810931,0.4517019466490995
gp_pareto_unc,30,46,0.3116825290810931,0.5033002709003144
gp_pareto_unc,30,51,0.3116825290810931,0.5090855018782453
gp_pareto_unc,30,56,0.3591703782490195,0.5153947102097552
gp_pareto_unc,30,61,0.3591703782490195,0.5163311579340272
gp_pareto_unc,31,36,0.3116825290810931,0.46161052594409085
gp_pareto_unc,31,41,0.3116825290810931,0.46161052594409085
gp_pareto_unc,31,46,0.3116825290810931,0.4641635890816496
gp_pareto_unc,31,51,0.3591703782490195,0.47275175430961214
gp_pareto_unc,31,56,0.3591703782490195,0.47750326630021533
gp_pareto_unc,31,61,0.3591703782490195,0.518946479508303
gp_pareto_unc,32,36,0.3116825290810931,0.4620281896630216
gp_pareto_unc,32,41,0.3116825290810931,0.4628837967280178
gp_pareto_unc,32,46,0.3116825290810931,0.46289075819940045
gp_pareto_unc,32,51,0.3591703782490195,0.473231305038495
gp_pareto_unc,32,56,0.3591703782490195,0.4774747292538021
gp_pareto_unc,32,61,0.3591703782490195,0.5189179424618897
gp_pareto_unc,33,36,0.3106310579500928,0.46064759882839634
gp_pareto_unc,33,41,0.3106310579500928,0.460648314357801
gp_pareto_unc,33,46,0.3116825290810931,0.4618138523723852
gp_pareto_unc,33,51,0.3116825290810931,0.4633018374473464
gp_pareto_unc,33,56,0.3591703782490195,0.47569515965411047
gp_pareto_unc,33,61,0.3591703782490195,0.5167104826574072
gp_pareto_unc,34,36,0.307062861210405,0.4512008627305541
gp_pareto_unc,34,41,0.307062861210405,0.4515239960473641
gp_pareto_unc,34,46,0.3116825290810931,0.49981231758480726
gp_pareto_unc,34,51,0.3116825290810931,0.50241576037652
gp_pareto_unc,34,56,0.3591703782490195,0.5128384907896282
gp_pareto_unc,34,61,0.3591703782490195,0.5160085244064121
gp_pareto_unc,35,36,0.3116825290810931,0.4283928348264055
gp_pareto_unc,35,41,0.3116825290810931,0.42880832328029134
gp_pareto_unc,35,46,0.3591703782490195,0.4370786044350652
gp_pareto_unc,35,51,0.3591703782490195,0.4528006336900413
gp_pareto_unc,35,56,0.3591703782490195,0.4635419199541072
gp_pareto_unc,35,61,0.3591703782490195,0.5184521285563178
gp_pareto_unc,36,36,0.3116825290810931,0.4608694070092219
gp_pareto_unc,36,41,0.3591703782490195,0.467377084718851
gp_pareto_unc,36,46,0.3591703782490195,0.46976759211645724
gp_pareto_unc,36,51,0.3591703782490195,0.5139271513797972
gp_pareto_unc,36,56,0.3591703782490195,0.5151371974060884
gp_pareto_unc,36,61,0.3591703782490195,0.5185148261749932
gp_pareto_unc,37,36,0.3106310579500928,0.4539686449905864
gp_pareto_unc,37,41,0.3106310579500928,0.4540117312818182
gp_pareto_unc,37,46,0.3591703782490195,0.46416518143529345
gp_pareto_unc,37,51,0.3591703782490195,0.4738485145594258
gp_pareto_unc,37,56,0.3591703782490195,0.4752683236295755
gp_pareto_unc,37,61,0.3591703782490195,0.5202153925039718
gp_pareto_unc,38,36,0.3106310579500928,0.4525432865335429
gp_pareto_unc,38,41,0.3591703782490195,0.4891496818148571
gp_pareto_unc,38,46,0.3591703782490195,0.4918772141714708
gp_pareto_unc,38,51,0.3591703782490195,0.49456285093598096
gp_pareto_unc,38,56,0.3591703782490195,0.5178506484459352
gp_pareto_unc,38,61,0.3591703782490195,0.518130291727557
gp_pareto_unc,39,36,0.3116825290810931,0.4615999120616729
gp_pareto_unc,39,41,0.3116825290810931,0.46182241391725304
gp_pareto_unc,39,46,0.3591703782490195,0.4697751332293102
gp_pareto_unc,39,51,0.3591703782490195,0.5157288811247903
gp_pareto_unc,39,56,0.3591703782490195,0.516944972130684
gp_pareto_unc,39,61,0.3591703782490195,0.5183647812008337
gp_pareto_unc,40,36,0.3116825290810931,0.4607827166758208
gp_pareto_unc,40,41,0.3116825290810931,0.4619633292919132
gp_pareto_unc,40,46,0.3116825290810931,0.4644322285112774
gp_pareto_unc,40,51,0.3591703782490195,0.473231305038495
gp_pareto_unc,40,56,0.3591703782490195,0.47817668750479725
gp_pareto_unc,40,61,0.3591703782490195,0.5189179424618897
gp_pareto_unc,41,36,0.3116825290810931,0.4605808324577037
gp_pareto_unc,41,41,0.3591703782490195,0.4681688925332409
gp_pareto_unc,41,46,0.3591703782490195,0.46838006497699847
gp_pareto_unc,41,51,0.3591703782490195,0.473231305038495
gp_pareto_unc,41,56,0.3591703782490195,0.47959649657494696
gp_pareto_unc,41,61,0.3591703782490195,0.5202153925039718
gp_pareto_unc,42,36,0.3116825290810931,0.44948977407693813
gp_pareto_unc,42,41,0.3591703782490195,0.4592612344654988
gp_pareto_unc,42,46,0.3591703782490195,0.4634395420042795
gp_pareto_unc,42,51,0.3591703782490195,0.4666011300401939
gp_pareto_unc,42,56,0.3591703782490195,0.47681457409191874
gp_pareto_unc,42,61,0.3591703782490195,0.519734250124419
gp_pareto_unc,43,36,0.3116825290810931,0.45217097253006316
gp_pareto_unc,43,41,0.3116825290810931,0.4521716880594678
gp_pareto_unc,43,46,0.3591703782490195,0.46380298670282205
gp_pareto_unc,43,51,0.3591703782490195,0.46804641091812904
gp_pareto_unc,43,56,0.3591703782490195,0.47028240776902486
gp_pareto_unc,43,61,0.3591703782490195,0.5087876658752215
gp_pareto_unc,44,36,0.3116825290810931,0.4607345476933246
gp_pareto_unc,44,41,0.3591703782490195,0.4673909184342648
gp_pareto_unc,44,46,0.3591703782490195,0.4701434744366578
gp_pareto_unc,44,51,0.3591703782490195,0.4746511141086448
gp_pareto_unc,44,56,0.3591703782490195,0.47959649657494696
gp_pareto_unc,44,61,0.3591703782490195,0.5181017546811437
gp_pareto_unc,45,36,0.3106310579500928,0.4613156284450341
gp_pareto_unc,45,41,0.3106310579500928,0.4621712355100303
gp_pareto_unc,45,46,0.3116825290810931,0.4639458325069529
gp_pareto_unc,45,51,0.3591703782490195,0.471945204181651
gp_pareto_unc,45,56,0.3591703782490195,0.4936225925947141
gp_pareto_unc,45,61,0.3591703782490195,0.49816157699604413
gp_pareto_unc,46,36,0.3116825290810931,0.46217001045030154
gp_pareto_unc,46,41,0.3116825290810931,0.4621707259797062
gp_pareto_unc,46,46,0.3116825290810931,0.4641230625846773
gp_pareto_unc,46,51,0.3591703782490195,0.47750326630021533
gp_pareto_unc,46,56,0.3591703782490195,0.4782052245512105
gp_pareto_unc,46,61,0.3591703782490195,0.4834204650350943
gp_pareto_unc,47,36,0.3116825290810931,0.4526559357271987
gp_pareto_unc,47,41,0.3116825290810931,0.45302143980583576
gp_pareto_unc,47,46,0.3591703782490195,0.46006777784165154
gp_pareto_unc,47,51,0.3591703782490195,0.464029704814955
gp_pareto_unc,47,56,0.3591703782490195,0.4710912071617769
gp_pareto_unc,47,61,0.3591703782490195,0.47729571647147145
gp_pareto_unc,48,36,0.3116825290810931,0.4506715345109095
gp_pareto_unc,48,41,0.3591703782490195,0.45732790525184963
gp_pareto_unc,48,46,0.3591703782490195,0.46058158755815626
gp_pareto_unc,48,51,0.3591703782490195,0.46337855975959474
gp_pareto_unc,48,56,0.3591703782490195,0.47535307235963997
gp_pareto_unc,48,61,0.3591703782490195,0.48147564492449824
gp_pareto_unc,49,36,0.3106310579500928,0.4511575496776146
gp_pareto_unc,49,41,0.3116825290810931,0.451268728914051
gp_pareto_unc,49,46,0.3116825290810931,0.4523238032216035
gp_pareto_unc,49,51,0.3591703782490195,0.5042764255220119
gp_pareto_unc,49,56,0.3591703782490195,0.508121523068635
gp_pareto_unc,49,61,0.3591703782490195,0.5083560125419119
