historical_split,source_row_1based,Fe,Co,Mn,Ga,Al,Si,Ge,Pt,kxx,S_ANE,si_table_row,sample_id,si_composition,si_source,composition_L1_to_SI_normalized,kxx_difference_from_SI_rounded,S_ANE_difference_from_SI_rounded,composition_sum
train,1,0.75,0.0,0.0,0.25,0.0,0.0,0.0,0.0,19.4804,5.878,1,C1_S1_001,Fe0.750Ga0.250,This work,0.0,0.00039999999999906777,-0.0019999999999997797,1.0
train,2,0.75,0.0,0.0,0.0,0.25,0.0,0.0,0.0,18.30473,4.00036,2,C1_S1_002,Fe0.750Al0.250,This work,0.0,0.004729999999998569,0.0003599999999996939,1.0
train,3,0.75,0.0,0.0,0.0,0.0,0.25,0.0,0.0,32.9355,2.30339,3,C1_S1_003,Fe0.750Si0.250,This work,0.0,-0.0045000000000001705,0.003390000000000004,1.0
test,1,0.75,0.0,0.0,0.125,0.0,0.0,0.125,0.0,20.2354,2.882,4,C1_S1_004,Fe0.750Ga0.125Ge0.125,This work,0.0,-0.0045999999999999375,0.002000000000000224,1.0
train,4,0.75,0.0,0.0,0.1875,0.0625,0.0,0.0,0.0,17.967,5.6,5,C1_S1_005,Fe0.750Ga0.188Al0.063,This work,0.0014985014985014755,-0.0030000000000001137,0.0,1.0
train,6,0.75,0.0,0.0,0.0625,0.1875,0.0,0.0,0.0,15.5168,4.82,6,C1_S1_006,Fe0.750Ga0.063Al0.188,This work,0.0014985014985014755,-0.0031999999999996476,0.0,1.0
test,2,0.75,0.0,0.0,0.125,0.0,0.125,0.0,0.0,16.6792,2.655,7,C1_S1_007,Fe0.750Ga0.125Si0.125,This work,0.0,-0.0007999999999981355,-0.0050000000000003375,1.0
test,3,0.75,0.0,0.0,0.0,0.125,0.125,0.0,0.0,17.9094,2.391,8,C1_S1_008,Fe0.750Al0.125Si0.125,This work,0.0,-0.0005999999999986017,0.0009999999999998899,1.0
test,4,0.751879699,0.0,0.0,0.082706767,0.082706767,0.082706767,0.0,0.0,11.686,2.677,9,C1_S1_009,Fe0.752Ga0.083Al0.083Si0.083,This work,0.00126189550249739,-0.0039999999999995595,-0.0030000000000001137,1.0
test,5,0.751879699,0.0,0.0,0.082706767,0.082706767,0.0,0.082706767,0.0,16.66,3.513,10,C1_S1_010,Fe0.752Ga0.083Al0.083Ge0.083,This work,0.00126189550249739,0.0,0.0030000000000001137,1.0
train,7,0.75,0.0,0.0,0.0625,0.0625,0.0625,0.0625,0.0,15.8564,2.21314,11,C1_S1_011,Fe0.750Ga0.063Al0.063Si0.063Ge0.063,This work,0.0029940119760478723,-0.0035999999999987153,0.0031400000000001427,1.0
train,8,0.75,0.0,0.0,0.11,0.05,0.025,0.065,0.0,16.193,3.298,12,C1_S1_012,Fe0.750Ga0.110Al0.050Si0.025Ge0.065,This work,0.0,0.0030000000000001137,-0.0019999999999997797,1.0
test,6,0.75,0.0,0.0,0.0975,0.04,0.025,0.0875,0.0,18.0092,3.127,13,C1_S1_013,Fe0.750Ga0.098Al0.040Si0.025Ge0.088,This work,0.0016283716283715909,-0.0008000000000016882,-0.0030000000000001137,1.0
train,9,0.75,0.0,0.0,0.0275,0.0125,0.1925,0.0175,0.0,17.8624,2.163,14,C1_S1_014,Fe0.750Ga0.028Al0.013Si0.193Ge0.018,This work,0.0029940119760479642,0.002400000000001512,0.0029999999999996696,0.9999999999999999
train,10,0.75,0.0,0.0,0.07,0.1175,0.06,0.0025,0.0,14.6944,3.602,15,C1_S1_015,Fe0.750Ga0.070Al0.118Si0.060Ge0.003,This work,0.0017582417582418094,0.004400000000000404,0.0019999999999997797,1.0
train,11,0.75,0.0,0.0,0.08,0.1275,0.0125,0.03,0.0,14.5328,3.54,16,C1_S1_016,Fe0.750Ga0.08Al0.128Si0.013Ge0.030,This work,0.0017182817182816758,0.00280000000000058,0.0,1.0
train,12,0.75,0.0,0.0,0.005,0.065,0.0475,0.1325,0.0,16.6842,1.638,17,C1_S1_017,Fe0.750Ga0.005Al0.065Si0.048Ge0.133,This work,0.0016383616383616037,0.00420000000000087,-0.0020000000000000018,1.0
train,13,0.75,0.0,0.0,0.1175,0.0325,0.0975,0.0025,0.0,12.9594,3.38,18,C1_S1_018,Fe0.750Ga0.1175Al0.0325Si0.0975Ge0.0025,This work,1.46150452851046e-16,-0.000600000000000378,0.0,0.9999999999999999
train,14,0.75,0.0,0.0,0.0425,0.0775,0.0375,0.0925,0.0,20.3624,3.051,19,C1_S1_019,Fe0.750Ga0.043Al0.078Si0.038Ge0.093,This work,0.0029940119760478792,0.002400000000001512,0.001000000000000334,1.0
train,16,0.75,0.0,0.0,0.1875,0.0,0.0,0.0,0.0625,13.276,3.853,20,C1_S1_020,Fe0.750Ga0.188Pt0.063,This work,0.0014985014985014755,-0.0039999999999995595,0.0030000000000001137,1.0
train,17,0.75,0.0,0.0,0.0,0.0,0.0,0.0,0.25,20.4252,2.98334,21,C1_S1_021,Fe0.750Pt0.250,This work,0.0,-0.004799999999999471,0.0033400000000001207,1.0
train,18,0.75,0.0,0.0,0.125,0.0,0.0,0.0,0.125,17.6254,2.959,22,C1_S1_022,Fe0.750Ga0.125Pt0.125,This work,0.0,-0.0045999999999999375,-0.0009999999999998899,1.0
train,19,0.5,0.125,0.125,0.25,0.0,0.0,0.0,0.0,10.6478,1.299,23,C1_S1_023,Fe0.500Co0.125Mn0.125Ga0.250,This work,0.0,-0.002200000000000202,-0.001000000000000112,1.0
train,20,0.5,0.125,0.125,0.0,0.25,0.0,0.0,0.0,9.7722,0.134,24,C1_S1_024,Fe0.500Co0.125Mn0.125Al0.250,This work,0.0,0.002200000000000202,0.0040000000000000036,1.0
train,21,0.625,0.0,0.125,0.25,0.0,0.0,0.0,0.0,12.3818,1.361,25,C1_S1_025,Fe0.625Mn0.125Ga0.250,This work,0.0,0.0017999999999993577,0.0009999999999998899,1.0
test,7,0.625,0.0,0.125,0.0,0.25,0.0,0.0,0.0,13.015,0.142,26,C1_S1_026,Fe0.625Mn0.125Al0.250,This work,0.0,-0.004999999999999005,0.001999999999999974,1.0
train,22,0.0,0.5,0.25,0.25,0.0,0.0,0.0,0.0,17.8466,5.479,27,C1_S1_027,Co0.500Mn0.250Ga0.250,This work,0.0,-0.003400000000002734,-0.001000000000000334,1.0
test,8,0.0,0.5,0.25,0.0,0.0,0.25,0.0,0.0,23.2046,0.772,28,C1_S1_028,Co0.500Mn0.250Si0.250,This work,0.0,0.0045999999999999375,0.0020000000000000018,1.0
train,23,0.0,0.5,0.25,0.0,0.25,0.0,0.0,0.0,13.9832,0.623,29,C1_S1_029,Co0.500Mn0.250Al0.250,This work,0.0,0.0031999999999996476,0.0030000000000000027,1.0
test,9,0.25,0.25,0.25,0.25,0.0,0.0,0.0,0.0,8.5946,0.449,30,C1_S1_030,Fe0.250Co0.250Mn0.250Ga0.250,This work,0.0,0.0045999999999999375,-0.0010000000000000009,1.0
train,24,0.7375,0.0,0.0125,0.25,0.0,0.0,0.0,0.0,16.4972,4.935,31,C1_S1_031,Fe0.738Mn0.013Ga0.250,This work,0.0009740259740259674,-0.00280000000000058,-0.005000000000000782,1.0
train,25,0.725,0.0,0.025,0.25,0.0,0.0,0.0,0.0,14.891,4.312,32,C1_S1_032,Fe0.725Mn0.025Ga0.250,This work,0.0,0.0009999999999994458,0.002000000000000668,1.0
train,26,0.75,0.0,0.0,0.0,0.0625,0.1875,0.0,0.0,16.95027112,2.629,33,C1_S1_033,Fe0.750Al0.063Si0.188,[1],0.0014985014985014755,0.0002711200000007352,-0.0009999999999998899,1.0
train,27,0.75,0.0,0.0,0.0,0.1875,0.0625,0.0,0.0,14.42873606,2.972,34,C1_S1_034,Fe0.750Al0.188Si0.063,[1],0.0014985014985014755,-0.0012639399999994083,0.0019999999999997797,1.0
train,28,0.75,0.0,0.0,0.175,0.075,0.0,0.0,0.0,18.26661804,5.609,35,C1_S1_035,Fe0.750Ga0.175Al0.075,[1],0.0,-0.003381959999998685,-0.001000000000000334,1.0
train,29,0.75,0.0,0.0,0.1625,0.0875,0.0,0.0,0.0,18.57836634,5.69,36,C1_S1_036,Fe0.750Ga0.163Al0.088,[1],0.0014985014985015171,-0.0016336599999995371,0.0,1.0
train,30,0.75,0.0,0.0,0.15,0.1,0.0,0.0,0.0,18.83419328,5.598,37,C1_S1_037,Fe0.750Ga0.150Al0.100,[1],0.0,0.0041932800000026305,-0.0019999999999997797,1.0
train,31,0.75,0.0,0.0,0.1375,0.1125,0.0,0.0,0.0,18.5284091,5.673,38,C1_S1_038,Fe0.750Ga0.138Al0.113,[1],0.001498501498501531,-0.0015909000000000617,0.0030000000000001137,1.0
train,32,0.75,0.0,0.0,0.1,0.15,0.0,0.0,0.0,17.47668019,5.007,39,C1_S1_039,Fe0.750Ga0.100Al0.150,[1],0.0,-0.0033198100000007003,-0.0030000000000001137,1.0
train,33,0.7875,0.0,0.0,0.2125,0.0,0.0,0.0,0.0,20.04246474,4.925,40,C1_S1_040,Fe0.788Ga0.213,[2],0.0005744255744255522,0.0024647400000006314,-0.004999999999999893,1.0
train,34,0.78,0.0,0.0,0.22,0.0,0.0,0.0,0.0,21.03977641,5.278,41,C1_S1_041,Fe0.780Ga0.220,[2],0.0,-0.0002235899999973867,-0.002000000000000668,1.0
train,35,0.7725,0.0,0.0,0.2275,0.0,0.0,0.0,0.0,22.47168445,5.396,42,C1_S1_042,Fe0.773Ga0.228,[2],0.0005444555444555355,0.001684450000002613,-0.004000000000000448,1.0
train,36,0.7675,0.0,0.0,0.2325,0.0,0.0,0.0,0.0,22.61136813,5.144,43,C1_S1_043,Fe0.768Ga0.233,[2],0.0005344655344655669,0.0013681299999994678,0.004000000000000448,1.0
train,37,0.755,0.0,0.0,0.245,0.0,0.0,0.0,0.0,20.39716829,4.506,44,C1_S1_044,Fe0.755Ga0.245,[2],0.0,-0.0028317099999988216,-0.0039999999999995595,1.0
train,38,0.74,0.0,0.0,0.26,0.0,0.0,0.0,0.0,21.35234394,3.935,45,C1_S1_045,Fe0.740Ga0.260,[2],0.0,0.002343939999999378,-0.004999999999999893,1.0
