cycle,partition,seed,E_star,mae_kappa,mae_sane
1,0,2025,63,1.8927207499080234,0.4869750508169333
1,0,2026,95,2.2235119082281987,0.4555243174731732
1,0,2027,42,2.168419895130727,0.4902830344604121
1,0,2028,21,2.713671318127049,0.45948347248964855
1,0,2029,13,3.344666724933518,0.547447536289692
1,0,2030,117,2.1970150563286412,0.4304835890730223
1,0,2031,79,2.1387417812976577,0.49090348841415515
1,0,2032,29,2.8253448830048247,0.6265272084209653
1,0,2033,62,2.202671954168214,0.5042911816636723
1,0,2034,13,2.3059576197134124,0.580735868844721
1,0,2035,62,1.9575160152133964,0.47487314092616256
1,0,2036,52,2.52783355196317,0.4410940782601635
1,0,2037,49,1.8719949730982377,0.4925618341109818
1,0,2038,11,3.246927873823378,0.5576290539569326
1,0,2039,60,2.025766143086884,0.46331897578305664
1,0,2040,14,3.653110439777374,0.7493601554963323
1,0,2041,82,2.666073651524882,0.5108402165770529
1,0,2042,112,2.4104663614432016,0.494792981826597
1,0,2043,17,2.0233545547061498,0.5345688702331649
1,0,2044,59,2.2725267061922287,0.48297596223652384
1,1,2025,76,1.6460244290613473,0.5874985529979073
1,1,2026,31,1.4724793460385666,0.8288416463136675
1,1,2027,22,2.9350752442744037,0.5557415128416487
1,1,2028,46,1.9114340980185405,0.5386451119184493
1,1,2029,114,1.7355467023617686,0.5489551209078892
1,1,2030,79,1.2049610618584676,0.7014297595289022
1,1,2031,53,2.1692601757744936,0.645219314727518
1,1,2032,45,1.1744419511490398,0.48477708684073584
1,1,2033,56,1.4034647560450768,0.5324027326371937
1,1,2034,82,1.9845394511686427,0.4914055941502252
1,1,2035,37,1.9671707671880725,0.6534929912620119
1,1,2036,78,1.7382313389579451,0.5520075754324597
1,1,2037,87,1.7854369978275564,0.5260548885001076
1,1,2038,39,2.533019149477283,0.5340664503971737
1,1,2039,35,1.9819823718816036,0.6839591616723273
1,1,2040,48,2.411675351990593,0.4547116134232945
1,1,2041,66,1.8580050302876354,0.4603886969884237
1,1,2042,59,1.4037647191849003,0.4046158817079332
1,1,2043,31,2.424693156497346,0.6282887317736942
1,1,2044,61,2.203127085053258,0.5405361837148664
1,2,2025,43,1.5444015180567892,0.8454606204479933
1,2,2026,147,1.6218251966602273,0.47130167443719184
1,2,2027,79,1.3479097785717908,0.4276698827164042
1,2,2028,31,1.6029499030941063,0.5670226114988328
1,2,2029,6,1.2807105963759957,0.7447762371434107
1,2,2030,105,1.13082909733057,0.7147242085470095
1,2,2031,52,1.6202941803137458,0.6350968428866731
1,2,2032,52,1.7186232141405335,0.5256339918076993
1,2,2033,42,1.4728681939840311,0.5659049522214467
1,2,2034,24,1.3722374416556615,0.7442191785739528
1,2,2035,186,1.858357637466655,0.37916762465404147
1,2,2036,26,1.5792599235806193,0.48296901025705874
1,2,2037,15,1.517304091677068,0.5355929342740112
1,2,2038,30,1.6194934464328823,0.8558833312408792
1,2,2039,23,1.0632929083539375,0.5395525243216092
1,2,2040,32,1.0915250585476555,0.5413970688647695
1,2,2041,18,1.4002472025487154,0.35136463452544486
1,2,2042,61,1.5018942864239215,0.5208304924352302
1,2,2043,71,2.075278030708432,0.3762423522439269
1,2,2044,33,1.272218846248255,0.9855919652597771
2,0,2025,38,1.5216623275148866,0.7231686331313103
2,0,2026,28,1.8233812340998643,0.5602806859856472
2,0,2027,94,1.8976204097077247,0.5748066947318614
2,0,2028,21,1.644609800127745,0.8313094554245473
2,0,2029,188,2.2617441587582223,0.34553501630201944
2,0,2030,35,1.8195314840027692,0.6972093770340086
2,0,2031,81,2.05799279902637,0.6210099561870097
2,0,2032,56,1.541202356562018,0.5921292463958264
2,0,2033,25,2.516279483543932,0.23749417880028495
2,0,2034,57,2.181475045782327,0.5557725368399173
2,0,2035,124,1.5398734466814994,0.8643392786931248
2,0,2036,22,1.9574604049831623,0.35402448659380886
2,0,2037,29,1.820155158685445,0.545339156962186
2,0,2038,41,1.69267180614233,0.35303949888087816
2,0,2039,44,2.0741094306337837,0.8197753794044257
2,0,2040,22,1.8783798362970352,0.40062829153202484
2,0,2041,74,1.6026031261718263,0.36267191862687465
2,0,2042,14,2.4697185059654716,0.48026612290292964
2,0,2043,24,1.6738394759467248,0.917004578044638
2,0,2044,27,2.2085538634908195,0.4696056877128781
2,1,2025,34,1.961494570509195,0.8421292533844709
2,1,2026,37,1.4528555303955077,0.8144133576497434
2,1,2027,25,1.4651688470238435,0.8739567337453366
2,1,2028,62,2.188050971833467,0.6225508924320341
2,1,2029,46,1.7533583272790907,0.6018043291464448
2,1,2030,39,1.4631835304272172,0.7108854763478042
2,1,2031,62,1.612804717683792,0.6972865269191564
2,1,2032,76,1.7746270940399171,0.809790720936656
2,1,2033,69,1.509286102079153,0.8660111326880753
2,1,2034,10,1.8448878299531337,0.9429138759717348
2,1,2035,17,2.4986395829349752,0.753221706931293
2,1,2036,13,1.967808012874126,1.0770409678786996
2,1,2037,103,1.6813961480528115,0.6668647222172469
2,1,2038,101,1.7376553032562139,0.8405782855197785
2,1,2039,27,2.1935583825695506,0.756054374140501
2,1,2040,10,1.8298731543755522,0.813133407306671
2,1,2041,57,1.2154404042676086,0.7424442606687546
2,1,2042,22,1.7413576200774308,0.6554536400258539
2,1,2043,47,2.486779666159749,0.7571453815370799
2,1,2044,6,1.6793803138065329,0.4863763164848088
2,2,2025,171,1.7820498628574608,0.4633357422851027
2,2,2026,12,2.4398280338472125,0.4383286196120083
2,2,2027,110,2.393963740020543,0.43301726832762366
2,2,2028,62,2.4616699988397945,0.4313770195409655
2,2,2029,125,2.760654630721509,0.48356076547354465
2,2,2030,95,2.97661670475185,0.5811075315311551
2,2,2031,41,3.2291790971700847,0.5688164065856485
2,2,2032,61,3.1157984613972896,0.7348798742782325
2,2,2033,99,3.00226524784863,0.5060465814009308
2,2,2034,82,3.192690351621806,0.5483590786732734
2,2,2035,177,2.3619203364700074,0.5969365476988255
2,2,2036,176,2.5925923971304297,0.4336562881827353
2,2,2037,63,2.9733961867205796,0.4198983327656983
2,2,2038,49,2.757642220955044,0.4194645580802113
2,2,2039,27,2.602573596385791,0.4310263193923979
2,2,2040,36,2.616546699155271,0.486220558032766
2,2,2041,21,2.6289941592235855,0.25659092521704735
2,2,2042,19,2.2625893301638955,0.3318399514067918
2,2,2043,85,3.5608748862838744,0.3819671765003353
2,2,2044,35,2.84967313796848,0.34438613937459894
3,0,2025,71,2.158394839214086,0.5778055805563926
3,0,2026,141,2.438878246193528,0.542016130208969
3,0,2027,33,2.645976119046211,0.6375254103958606
3,0,2028,21,2.2335233374911554,0.6251494268357753
3,0,2029,76,3.099256667648554,0.6049452140927316
3,0,2030,143,2.845632467401623,0.5568175145626068
3,0,2031,109,2.408781616211533,0.8875933715939522
3,0,2032,38,3.0257486984634405,0.5650986043572426
3,0,2033,64,2.363776683476568,0.6979309714674949
3,0,2034,34,2.5527425537896162,0.7003163107156753
3,0,2035,65,2.377533812630773,0.7207318714380262
3,0,2036,68,2.028681063174605,0.5495501978039743
3,0,2037,44,2.25209990329951,0.5812209575533867
3,0,2038,115,2.592506430774332,0.7000401139378546
3,0,2039,46,3.4767046261155605,0.5711356102705002
3,0,2040,57,2.4698622993588453,0.5042895118236541
3,0,2041,25,2.663557169636488,0.6431443847239017
3,0,2042,25,2.5792426980310683,0.6412535962045192
3,0,2043,109,2.574845122576355,0.5737926789045333
3,0,2044,94,2.66864449534446,0.5236984190702438
3,1,2025,94,1.5080214099994298,0.33639868465363965
3,1,2026,149,1.5819627834290264,0.3152416818410158
3,1,2027,78,1.387307663300335,0.4339354744687675
3,1,2028,94,1.380262180645764,0.3262269658133386
3,1,2029,106,1.345468278722762,0.32915050317198036
3,1,2030,85,1.6283746420601006,0.39335631012618527
3,1,2031,115,1.2040704947134855,0.5180982147902249
3,1,2032,80,1.4477783345907933,0.5179064860656857
3,1,2033,26,1.8888698755937825,0.6034172101050614
3,1,2034,75,1.4548745116302373,0.40727404631078234
3,1,2035,186,1.5848954015021026,0.3716496370345352
3,1,2036,194,1.4007190076258773,0.5370425782516598
3,1,2037,20,1.516880022317469,0.457976327678561
3,1,2038,87,1.3916577652895448,0.5148231509655712
3,1,2039,45,1.389575653941034,0.30112209177017196
3,1,2040,34,1.3453779093462228,0.4039278067559001
3,1,2041,89,1.562879159364104,0.4553629252493382
3,1,2042,46,1.361797209112645,0.40542627585083224
3,1,2043,61,1.0131362166035176,0.3881680297948419
3,1,2044,66,1.0583217589783662,0.4061013404890894
3,2,2025,79,3.1688360503393413,0.8375059806257485
3,2,2026,106,3.0306873638242484,0.9522567433774473
3,2,2027,13,2.814775242612362,0.7222654628157615
3,2,2028,126,2.8339785514092446,1.082419751033187
3,2,2029,33,4.085381181116999,1.029926734288782
3,2,2030,40,1.8340629957574606,0.8978516371265052
3,2,2031,75,2.9714200217008586,0.9239802158474919
3,2,2032,60,3.2112137356072665,1.2526498380959035
3,2,2033,118,4.502618734768032,1.1730434979677198
3,2,2034,161,2.8173753424322596,0.8731260870218278
3,2,2035,119,3.5208448725354664,1.0287619387090206
3,2,2036,47,4.2084021379494665,1.4331437535986302
3,2,2037,26,3.4608431093800065,1.134136442822218
3,2,2038,75,3.738691992021203,1.0709729600083087
3,2,2039,104,3.5318630528217554,1.2485137419253585
3,2,2040,175,4.562478670863212,1.122676200437546
3,2,2041,37,3.2010464744836087,0.8544772000253202
3,2,2042,187,3.6148115383535617,1.009275640177727
3,2,2043,44,3.4316110201704504,0.8067086254045366
3,2,2044,12,2.173533231717944,0.5347063079953195
