label,selection_type,contains_Co,contains_Mn,predicted_S_ANE,measured_S_ANE,nn_distance,nearest_train,nearest_train_Mn,nearest_train_S_ANE,second_train,second_train_distance,second_train_Mn,second_train_S_ANE
Fe0.45Mn0.25Ga0.09Al0.19Pt0.02,exploitation,False,True,4.86434,0.051,1.1491,Fe0.625Mn0.125Ga0.250,0.125,1.361,Fe0.500Co0.125Mn0.125Al0.250,1.1537,0.125,0.134
Fe0.46Mn0.24Ga0.16Al0.12Pt0.02,exploitation,False,True,4.83759,0.176,1.065,Fe0.625Mn0.125Ga0.250,0.125,1.361,Fe0.500Co0.125Mn0.125Al0.250,1.1854,0.125,0.134
Fe0.50Mn0.25Ga0.02Al0.23,exploration,False,True,4.64637,0.045,0.9278,Fe0.500Co0.125Mn0.125Al0.250,0.125,0.134,Fe0.625Mn0.125Ga0.250,1.015,0.125,1.361
Fe0.06Co0.50Mn0.13Ga0.29Ge0.02,exploration,True,True,2.20113,1.426,0.6869,Fe0.500Co0.125Mn0.125Ga0.250,0.125,1.299,Co0.500Mn0.250Ga0.250,0.828,0.25,5.479
Fe0.51Co0.15Mn0.03Ga0.29Ge0.02,exploration,True,True,2.3551,2.604,0.6856,Fe0.500Co0.125Mn0.125Ga0.250,0.125,1.299,Fe0.625Mn0.125Ga0.250,1.0389,0.125,1.361
Fe0.59Co0.05Mn0.05Ga0.29Ge0.02,exploration,True,True,2.49416,1.851,0.6772,Fe0.500Co0.125Mn0.125Ga0.250,0.125,1.299,Fe0.625Mn0.125Ga0.250,0.8121,0.125,1.361
Fe0.52Co0.04Mn0.13Ga0.30Ge0.01,exploration,True,True,2.64485,0.336,0.5456,Fe0.500Co0.125Mn0.125Ga0.250,0.125,1.299,Fe0.625Mn0.125Ga0.250,0.6983,0.125,1.361
Fe0.69Ga0.14Al0.16Pt0.01,exploitation,False,False,5.21907,3.515,0.4373,Fe0.750Ga0.100Al0.150,0.0,5.007,Fe0.750Ga0.138Al0.113,0.4564,0.0,5.673
Fe0.70Ga0.03Al0.26Pt0.01,exploitation,False,False,5.17157,2.159,0.4206,Fe0.750Ga0.063Al0.188,0.0,4.82,Fe0.750Ga0.100Al0.150,0.4733,0.0,5.007
Fe0.69Ga0.24Al0.06Pt0.01,exploitation,False,False,5.18933,3.617,0.4103,Fe0.750Ga0.163Al0.088,0.0,5.69,Fe0.750Ga0.150Al0.100,0.4112,0.0,5.598
